id;pesid;data_inversa;dia_semana;horario;uf;br;km;municipio;causa_acidente;tipo_acidente;classificacao_acidente;fase_dia;sentido_via;condicao_metereologica;tipo_pista;tracado_via;uso_solo;id_veiculo;tipo_veiculo;marca;ano_fabricacao_veiculo;tipo_envolvido;estado_fisico;idade;sexo;ilesos;feridos_leves;feridos_graves;mortos;latitude;longitude;regional;delegacia;uop
243264;0;18/10/2019;sexta-feira;19:50:00;MG;365;613,8;UBERLANDIA;Falta de Atenção à Condução;Colisão com objeto estático;Sem Vítimas;Plena Noite;Decrescente;Céu Claro;Simples;Reta;Sim;434797;Trator de rodas;M.A./CATERPILLAR/CATERPILLAR;0;NA;NA;0;NA;0;0;0;0;-18,91278238;-48,21968079;SPRF-MG;DEL15-MG;UOP01-DEL15-MG
185949;0;18/01/2019;sexta-feira;10:30:00;MG;365;614,2;UBERLANDIA;Carga excessiva e/ou mal acondicionada;Colisão com objeto estático;Sem Vítimas;Pleno dia;Crescente;Céu Claro;Simples;Reta;Sim;332046;Semireboque;REB/KRONE/KRONE;1993;NA;NA;0;NA;0;0;0;0;-18,8974;-48,2715;SPRF-MG;DEL15-MG;UOP01-DEL15-MG
186198;0;19/01/2019;sábado;17:00:00;MG;365;613;UBERLANDIA;Ingestão de Álcool;Colisão lateral;Com Vítimas Feridas;Pleno dia;Crescente;Céu Claro;Dupla;Reta;Não;331104;Reboque;REB/LANA COSMOS/LANA COSMOS;2011;NA;NA;0;NA;0;0;0;0;-18,9303403;-48,19541216;SPRF-MG;DEL15-MG;UOP01-DEL15-MG
186781;0;22/01/2019;terça-feira;11:35:00;MG;365;673,3;MONTE ALEGRE DE MINAS;Desobediência às normas de trânsito pelo pedestre;Atropelamento de Pedestre;Com Vítimas Feridas;Pleno dia;Crescente;Céu Claro;Dupla;Reta;Não;332229;Semireboque;SR/NOMA SRAB2E18 BCMD/NOMA SRAB2E18 BCMD;2013;NA;NA;0;NA;0;0;0;0;-18,8876;-48,7161;SPRF-MG;DEL15-MG;UOP01-DEL15-MG
186781;0;22/01/2019;terça-feira;11:35:00;MG;365;673,3;MONTE ALEGRE DE MINAS;Desobediência às normas de trânsito pelo pedestre;Atropelamento de Pedestre;Com Vítimas Feridas;Pleno dia;Crescente;Céu Claro;Dupla;Reta;Não;332230;Reboque;R/NOMA DOLLIE 2E/NOMA DOLLIE 2E;2013;NA;NA;0;NA;0;0;0;0;-18,8876;-48,7161;SPRF-MG;DEL15-MG;UOP01-DEL15-MG
186781;0;22/01/2019;terça-feira;11:35:00;MG;365;673,3;MONTE ALEGRE DE MINAS;Desobediência às normas de trânsito pelo pedestre;Atropelamento de Pedestre;Com Vítimas Feridas;Pleno dia;Crescente;Céu Claro;Dupla;Reta;Não;332231;Semireboque;SR/NOMA SRAB2E18 BCMT/NOMA SRAB2E18 BCMT;2013;NA;NA;0;NA;0;0;0;0;-18,8876;-48,7161;SPRF-MG;DEL15-MG;UOP01-DEL15-MG
186864;0;22/01/2019;terça-feira;21:30:00;MG;365;523,3;MONTE CARMELO;Falta de Atenção à Condução;Colisão transversal;Com Vítimas Feridas;Plena Noite;Crescente;Céu Claro;Simples;Reta;Não;333805;Semireboque;SR/FACCHINI SRF LO/FACCHINI SRF LO;2010;NA;NA;0;NA;0;0;0;0;-18,91354;-47,41923;SPRF-MG;DEL10-MG;UOP01-DEL10-MG
187563;0;26/01/2019;sábado;13:00:00;MG;365;640;UBERLANDIA;Falta de Atenção à Condução;Colisão traseira;Com Vítimas Feridas;Pleno dia;Crescente;Sol;Dupla;Reta;Não;336280;Reboque;REB/LANA COSMOS/LANA COSMOS;2008;NA;NA;0;NA;0;0;0;0;-18,8928;-48,4176;SPRF-MG;DEL15-MG;UOP01-DEL15-MG
188056;0;28/01/2019;segunda-feira;23:30:00;MG;365;708,9;MONTE ALEGRE DE MINAS;Falta de Atenção à Condução;Colisão transversal;Com Vítimas Feridas;Plena Noite;Crescente;Céu Claro;Dupla;Interseção de Vias;Não;334407;Semireboque;SR/RANDON SR CA/RANDON SR CA;2004;NA;NA;0;NA;0;0;0;0;-18,87862082;-49,05605257;SPRF-MG;DEL15-MG;UOP03-DEL15-MG
188056;0;28/01/2019;segunda-feira;23:30:00;MG;365;708,9;MONTE ALEGRE DE MINAS;Falta de Atenção à Condução;Colisão transversal;Com Vítimas Feridas;Plena Noite;Crescente;Céu Claro;Dupla;Interseção de Vias;Não;334404;Semireboque;SR/RANDON SR CA/RANDON SR CA;2004;NA;NA;0;NA;0;0;0;0;-18,87862082;-49,05605257;SPRF-MG;DEL15-MG;UOP03-DEL15-MG
188056;0;28/01/2019;segunda-feira;23:30:00;MG;365;708,9;MONTE ALEGRE DE MINAS;Falta de Atenção à Condução;Colisão transversal;Com Vítimas Feridas;Plena Noite;Crescente;Céu Claro;Dupla;Interseção de Vias;Não;334410;Semireboque;SR/RANDON SRFG CG/RANDON SRFG CG;2007;NA;NA;0;NA;0;0;0;0;-18,87862082;-49,05605257;SPRF-MG;DEL15-MG;UOP03-DEL15-MG
191072;0;13/02/2019;quarta-feira;13:00:00;MG;365;570;INDIANOPOLIS;Falta de Atenção à Condução;Colisão lateral;Com Vítimas Feridas;Pleno dia;Crescente;Sol;Simples;Reta;Não;341601;Semireboque;SR/FOLLE FESRFR 3EM/FOLLE FESRFR 3EM;2008;NA;NA;0;NA;0;0;0;0;-18,91431;-47,86009;SPRF-MG;DEL15-MG;UOP02-DEL15-MG
192497;0;20/02/2019;quarta-feira;12:10:00;MG;365;645,9;UBERLANDIA;Avarias e/ou desgaste excessivo no pneu;Saída de leito carroçável;Com Vítimas Feridas;Pleno dia;Decrescente;Nublado;Dupla;Reta;Não;342606;Semireboque;REB/KRONE/KRONE;1990;NA;NA;0;NA;0;0;0;0;-18,8857;-48,4645;SPRF-MG;DEL15-MG;UOP01-DEL15-MG
192589;0;20/02/2019;quarta-feira;23:30:00;MG;365;470;PATROCINIO;Falta de Atenção à Condução;Colisão transversal;Com Vítimas Feridas;Plena Noite;Crescente;Chuva;Simples;Reta;Sim;342929;Semireboque;SR/NOMA SR2E17T1 CL/NOMA SR2E17T1 CL;2003;NA;NA;0;NA;0;0;0;0;-18,91668;-46,97599;SPRF-MG;DEL10-MG;UOP01-DEL10-MG
192589;0;20/02/2019;quarta-feira;23:30:00;MG;365;470;PATROCINIO;Falta de Atenção à Condução;Colisão transversal;Com Vítimas Feridas;Plena Noite;Crescente;Chuva;Simples;Reta;Sim;342932;Semireboque;SR/NOMA SR2E17T2 CL/NOMA SR2E17T2 CL;2003;NA;NA;0;NA;0;0;0;0;-18,91668;-46,97599;SPRF-MG;DEL10-MG;UOP01-DEL10-MG
193243;0;24/02/2019;domingo;06:30:00;MG;365;483;PATROCINIO;Falta de Atenção à Condução;Colisão traseira;Com Vítimas Feridas;Amanhecer;Crescente;Sol;Simples;Reta;Não;345115;Semireboque;SR/GUERRA AG GR/GUERRA AG GR;2014;NA;NA;0;NA;0;0;0;0;-18,89;-47,079;SPRF-MG;DEL10-MG;UOP01-DEL10-MG
193243;0;24/02/2019;domingo;06:30:00;MG;365;483;PATROCINIO;Falta de Atenção à Condução;Colisão traseira;Com Vítimas Feridas;Amanhecer;Crescente;Sol;Simples;Reta;Não;345117;Reboque;REB/LIDER RTQ 2E/LIDER RTQ 2E;2016;NA;NA;0;NA;0;0;0;0;-18,89;-47,079;SPRF-MG;DEL10-MG;UOP01-DEL10-MG
193965;0;14/01/2019;segunda-feira;07:55:00;MG;365;625;UBERLANDIA;Falta de Atenção à Condução;Colisão traseira;Com Vítimas Feridas;Pleno dia;Decrescente;Céu Claro;Dupla;Reta;Sim;345246;Reboque;REB/LANA COSMOS/LANA COSMOS;2016;NA;NA;0;NA;0;0;0;0;-18,905;-48,2879;SPRF-MG;DEL15-MG;UOP01-DEL15-MG
194035;0;28/02/2019;quinta-feira;04:45:00;MG;365;726;CANAPOLIS;Pista Escorregadia;Colisão frontal;Com Vítimas Fatais;Plena Noite;Crescente;Chuva;Simples;Declive;Não;345430;Semireboque;SR/SAO PEDRO SRFB 3E/SAO PEDRO SRFB 3E;2017;NA;NA;0;NA;0;0;0;0;-18,87997559;-49,15557861;SPRF-MG;DEL15-MG;UOP03-DEL15-MG
195171;0;05/03/2019;terça-feira;03:00:00;MG;365;593,1;UBERLANDIA;Condutor Dormindo;Saída de leito carroçável;Com Vítimas Feridas;Plena Noite;Crescente;Céu Claro;Simples;Curva;Não;348643;Semireboque;SR/THERMOSUL SRBF 3E/THERMOSUL SRBF 3E;2007;NA;NA;0;NA;0;0;0;0;-18,88127499;-48,04741859;SPRF-MG;DEL15-MG;UOP02-DEL15-MG
195657;0;07/03/2019;quinta-feira;22:55:00;MG;365;480;PATROCINIO;Falta de Atenção à Condução;Tombamento;Com Vítimas Feridas;Plena Noite;Crescente;Céu Claro;Simples;Reta;Não;349532;Semireboque;SR/IBIPORA SR3E FRIG/IBIPORA SR3E FRIG;2006;NA;NA;0;NA;0;0;0;0;-18,89211322;-47,06972105;SPRF-MG;DEL10-MG;UOP01-DEL10-MG
195800;0;08/03/2019;sexta-feira;18:45:00;MG;365;620;UBERLANDIA;Pista Escorregadia;Colisão lateral;Com Vítimas Feridas;Plena Noite;Crescente;Céu Claro;Dupla;Reta;Não;348697;Semireboque;SR/GOTTI SRTQL3E 101/GOTTI SRTQL3E 101;2015;NA;NA;0;NA;0;0;0;0;-18,90349687;-48,28130603;SPRF-MG;DEL15-MG;UOP01-DEL15-MG
196464;0;12/03/2019;terça-feira;00:10:00;MG;365;608;UBERLANDIA;Deficiência ou não Acionamento do Sistema de Iluminação/Sinalização do Veículo;Colisão traseira;Com Vítimas Feridas;Plena Noite;Crescente;Céu Claro;Simples;Reta;Sim;349856;Semireboque;REB/KRONE/KRONE;1981;NA;NA;0;NA;0;0;0;0;-18,9265447;-48,19551945;SPRF-MG;DEL15-MG;UOP01-DEL15-MG
196641;0;12/03/2019;terça-feira;23:40:00;MG;365;480;PATROCINIO;Restrição de Visibilidade;Colisão lateral;Com Vítimas Feridas;Plena Noite;Crescente;Céu Claro;Simples;Reta;Não;350155;Semireboque;SR/RANDON SR CA/RANDON SR CA;1998;NA;NA;0;NA;0;0;0;0;-18,90209;-47,055098;SPRF-MG;DEL10-MG;UOP01-DEL10-MG
196641;0;12/03/2019;terça-feira;23:40:00;MG;365;480;PATROCINIO;Restrição de Visibilidade;Colisão lateral;Com Vítimas Feridas;Plena Noite;Crescente;Céu Claro;Simples;Reta;Não;350625;Semireboque;REB/RANDON SR GR TR/RANDON SR GR TR;1993;NA;NA;0;NA;0;0;0;0;-18,90209;-47,055098;SPRF-MG;DEL10-MG;UOP01-DEL10-MG
197438;0;16/03/2019;sábado;16:20:00;MG;365;481;PATROCINIO;Pista Escorregadia;Colisão frontal;Com Vítimas Fatais;Pleno dia;Decrescente;Chuva;Simples;Curva;Não;353374;Semireboque;SR/RANDON SR CA/RANDON SR CA;2017;NA;NA;0;NA;0;0;0;0;-18,88974103;-47,07887601;SPRF-MG;DEL10-MG;UOP01-DEL10-MG
197849;0;18/03/2019;segunda-feira;18:30:00;MG;365;546;ROMARIA;Defeito Mecânico no Veículo;Tombamento;Sem Vítimas;Anoitecer;Decrescente;Garoa/Chuvisco;Simples;Reta;Não;353689;Semireboque;SR/GUERRA AG CS/GUERRA AG CS;2005;NA;NA;0;NA;0;0;0;0;-18,93205374;-47,64765491;SPRF-MG;DEL10-MG;UOP01-DEL10-MG
197849;0;18/03/2019;segunda-feira;18:30:00;MG;365;546;ROMARIA;Defeito Mecânico no Veículo;Tombamento;Sem Vítimas;Anoitecer;Decrescente;Garoa/Chuvisco;Simples;Reta;Não;353695;Semireboque;SR/GUERRA AG CS/GUERRA AG CS;2005;NA;NA;0;NA;0;0;0;0;-18,93205374;-47,64765491;SPRF-MG;DEL10-MG;UOP01-DEL10-MG
198263;0;21/03/2019;quinta-feira;06:45:00;MG;365;671;MONTE ALEGRE DE MINAS;Falta de Atenção à Condução;Saída de leito carroçável;Com Vítimas Feridas;Amanhecer;Decrescente;Céu Claro;Dupla;Reta;Não;354455;Semireboque;SR/RANDON SR CA/RANDON SR CA;2003;NA;NA;0;NA;0;0;0;0;-18,87919566;-48,74332477;SPRF-MG;DEL15-MG;UOP01-DEL15-MG
198263;0;21/03/2019;quinta-feira;06:45:00;MG;365;671;MONTE ALEGRE DE MINAS;Falta de Atenção à Condução;Saída de leito carroçável;Com Vítimas Feridas;Amanhecer;Decrescente;Céu Claro;Dupla;Reta;Não;354454;Semireboque;SR/RANDON SR CA/RANDON SR CA;2003;NA;NA;0;NA;0;0;0;0;-18,87919566;-48,74332477;SPRF-MG;DEL15-MG;UOP01-DEL15-MG
198877;0;23/03/2019;sábado;21:00:00;MG;365;575;INDIANOPOLIS;Desobediência às normas de trânsito pelo condutor;Colisão transversal;Com Vítimas Fatais;Plena Noite;Crescente;Vento;Simples;"Declive;Reta";Não;354940;Semireboque;SR/LIBRELATO SRCS 3E/LIBRELATO SRCS 3E;2008;NA;NA;0;NA;0;0;0;0;-18,89688385;-47,91517084;SPRF-MG;DEL15-MG;UOP02-DEL15-MG
202187;0;09/04/2019;terça-feira;06:00:00;MG;365;495;PATROCINIO;Agressão Externa;Tombamento;Com Vítimas Feridas;Amanhecer;Crescente;Céu Claro;Dupla;Aclive;Não;362958;Semireboque;SR/RANDON SR CA/RANDON SR CA;2017;NA;NA;0;NA;0;0;0;0;-18,917469;-47,203773;SPRF-MG;DEL10-MG;UOP01-DEL10-MG
202525;0;10/03/2019;domingo;04:30:00;MG;365;578,4;INDIANOPOLIS;Condutor Dormindo;Colisão lateral;Com Vítimas Feridas;Plena Noite;Decrescente;Nublado;Simples;"Declive;Reta";Não;361005;Semireboque;SR/LIBRELATO BACT 2E/LIBRELATO BACT 2E;2016;NA;NA;0;NA;0;0;0;0;-18,87849115;-47,94047448;SPRF-MG;DEL15-MG;UOP02-DEL15-MG
202525;0;10/03/2019;domingo;04:30:00;MG;365;578,4;INDIANOPOLIS;Condutor Dormindo;Colisão lateral;Com Vítimas Feridas;Plena Noite;Decrescente;Nublado;Simples;"Declive;Reta";Não;361006;Reboque;R/JARDINOX TQ AP 2E/JARDINOX TQ AP 2E;2014;NA;NA;0;NA;0;0;0;0;-18,87849115;-47,94047448;SPRF-MG;DEL15-MG;UOP02-DEL15-MG
202525;0;10/03/2019;domingo;04:30:00;MG;365;578,4;INDIANOPOLIS;Condutor Dormindo;Colisão lateral;Com Vítimas Feridas;Plena Noite;Decrescente;Nublado;Simples;"Declive;Reta";Não;361007;Semireboque;SR/LIBRELATO BACD 2E/LIBRELATO BACD 2E;2016;NA;NA;0;NA;0;0;0;0;-18,87849115;-47,94047448;SPRF-MG;DEL15-MG;UOP02-DEL15-MG
204612;0;21/04/2019;domingo;02:00:00;MG;365;449,7;PATROCINIO;Falta de Atenção à Condução;Colisão transversal;Com Vítimas Feridas;Plena Noite;Crescente;Céu Claro;Simples;Reta;Não;365911;Semireboque;SR/FACCHINI SRF RT/FACCHINI SRF RT;2013;NA;NA;0;NA;0;0;0;0;-18,83084564;-46,81816006;SPRF-MG;DEL10-MG;UOP01-DEL10-MG
204612;0;21/04/2019;domingo;02:00:00;MG;365;449,7;PATROCINIO;Falta de Atenção à Condução;Colisão transversal;Com Vítimas Feridas;Plena Noite;Crescente;Céu Claro;Simples;Reta;Não;365912;Semireboque;SR/FACCHINI SRF RT/FACCHINI SRF RT;2013;NA;NA;0;NA;0;0;0;0;-18,83084564;-46,81816006;SPRF-MG;DEL10-MG;UOP01-DEL10-MG
205664;0;26/04/2019;sexta-feira;12:45:00;MG;365;637,5;UBERLANDIA;Falta de Atenção à Condução;Colisão traseira;Com Vítimas Feridas;Pleno dia;Crescente;Céu Claro;Dupla;Reta;Não;366863;Semireboque;SR/GUERRA AG GR/GUERRA AG GR;2011;NA;NA;0;NA;0;0;0;0;-18,889801;-48,43735;SPRF-MG;DEL15-MG;UOP01-DEL15-MG
205664;0;26/04/2019;sexta-feira;12:45:00;MG;365;637,5;UBERLANDIA;Falta de Atenção à Condução;Colisão traseira;Com Vítimas Feridas;Pleno dia;Crescente;Céu Claro;Dupla;Reta;Não;366862;Semireboque;SR/GUERRA AG GR/GUERRA AG GR;2011;NA;NA;0;NA;0;0;0;0;-18,889801;-48,43735;SPRF-MG;DEL15-MG;UOP01-DEL15-MG
207810;0;05/04/2019;sexta-feira;15:00:00;MG;365;638,5;UBERLANDIA;Falta de Atenção à Condução;Colisão traseira;Com Vítimas Feridas;Pleno dia;Crescente;Céu Claro;Dupla;"Reta;Declive";Não;370500;Semireboque;SR/RANDON SR CA/RANDON SR CA;2018;NA;NA;0;NA;0;0;0;0;-18,88535924;-48,46544904;SPRF-MG;DEL15-MG;UOP01-DEL15-MG
207820;0;07/05/2019;terça-feira;14:00:00;MG;365;688;MONTE ALEGRE DE MINAS;Defeito Mecânico no Veículo;Colisão com objeto estático;Com Vítimas Feridas;Pleno dia;Crescente;Céu Claro;Dupla;Declive;Não;372081;Reboque;R/CARRECAR CRBA/CARRECAR CRBA;2015;NA;NA;0;NA;0;0;0;0;-18,87623321;-48,88400401;SPRF-MG;DEL15-MG;UOP03-DEL15-MG
208976;0;12/05/2019;domingo;14:50:00;MG;365;688;MONTE ALEGRE DE MINAS;Defeito Mecânico no Veículo;Colisão traseira;Com Vítimas Feridas;Pleno dia;Crescente;Céu Claro;Dupla;"Em Obras;Reta";Sim;372708;Semireboque;SR/GUERRA AG GR/GUERRA AG GR;2009;NA;NA;0;NA;0;0;0;0;-18,87623321;-48,88400401;SPRF-MG;DEL15-MG;UOP03-DEL15-MG
208976;0;12/05/2019;domingo;14:50:00;MG;365;688;MONTE ALEGRE DE MINAS;Defeito Mecânico no Veículo;Colisão traseira;Com Vítimas Feridas;Pleno dia;Crescente;Céu Claro;Dupla;"Em Obras;Reta";Sim;372707;Semireboque;SR/GUERRA AG GR/GUERRA AG GR;2009;NA;NA;0;NA;0;0;0;0;-18,87623321;-48,88400401;SPRF-MG;DEL15-MG;UOP03-DEL15-MG
209886;0;16/05/2019;quinta-feira;17:15:00;MG;365;479;PATROCINIO;Desobediência às normas de trânsito pelo condutor;Colisão transversal;Com Vítimas Feridas;Pleno dia;Crescente;Sol;Simples;Reta;Não;374253;Semireboque;SR/RANDON SR CA/RANDON SR CA;2010;NA;NA;0;NA;0;0;0;0;-18,8955808;-47,06116277;SPRF-MG;DEL10-MG;UOP01-DEL10-MG
209959;0;16/05/2019;quinta-feira;22:30:00;MG;365;596;UBERLANDIA;Defeito Mecânico no Veículo;Incêndio;Sem Vítimas;Plena Noite;Crescente;Vento;Simples;"Curva;Aclive";Não;374320;Semireboque;SR/ELLFEN TQ2CO I/ELLFEN TQ2CO I;2000;NA;NA;0;NA;0;0;0;0;-18,87120437;-48,0840683;SPRF-MG;DEL15-MG;UOP02-DEL15-MG
209959;0;16/05/2019;quinta-feira;22:30:00;MG;365;596;UBERLANDIA;Defeito Mecânico no Veículo;Incêndio;Sem Vítimas;Plena Noite;Crescente;Vento;Simples;"Curva;Aclive";Não;374319;Semireboque;SR/ELLFEN TQ2BT I/ELLFEN TQ2BT I;2000;NA;NA;0;NA;0;0;0;0;-18,87120437;-48,0840683;SPRF-MG;DEL15-MG;UOP02-DEL15-MG
212924;0;01/06/2019;sábado;04:30:00;MG;365;585,3;ARAGUARI;Agressão Externa;Tombamento;Com Vítimas Feridas;Plena Noite;Crescente;Céu Claro;Simples;Reta;Não;379898;Semireboque;REB/TRUCK GALEGO SR/TRUCK GALEGO SR;2014;NA;NA;0;NA;0;0;0;0;-18,8664164;-48,00295805;SPRF-MG;DEL15-MG;UOP02-DEL15-MG
213724;0;05/06/2019;quarta-feira;11:00:00;MG;365;735;ITUIUTABA;Defeito Mecânico no Veículo;Colisão traseira;Sem Vítimas;Pleno dia;Decrescente;Céu Claro;Simples;Declive;Não;383305;Semireboque;R/RANDON SR BA/RANDON SR BA;2015;NA;NA;0;NA;0;0;0;0;-18,90585964;-49,32623604;SPRF-MG;DEL15-MG;UOP03-DEL15-MG
213724;0;05/06/2019;quarta-feira;11:00:00;MG;365;735;ITUIUTABA;Defeito Mecânico no Veículo;Colisão traseira;Sem Vítimas;Pleno dia;Decrescente;Céu Claro;Simples;Declive;Não;383306;Reboque;R/RANDON RE DL/RANDON RE DL;2015;NA;NA;0;NA;0;0;0;0;-18,90585964;-49,32623604;SPRF-MG;DEL15-MG;UOP03-DEL15-MG
213724;0;05/06/2019;quarta-feira;11:00:00;MG;365;735;ITUIUTABA;Defeito Mecânico no Veículo;Colisão traseira;Sem Vítimas;Pleno dia;Decrescente;Céu Claro;Simples;Declive;Não;383307;Semireboque;R/RANDON SR BA/RANDON SR BA;2015;NA;NA;0;NA;0;0;0;0;-18,90585964;-49,32623604;SPRF-MG;DEL15-MG;UOP03-DEL15-MG
215554;0;09/06/2019;domingo;06:50:00;MG;365;613;UBERLANDIA;Falta de Atenção à Condução;Colisão com objeto estático;Sem Vítimas;Amanhecer;Decrescente;Céu Claro;Simples;Reta;Sim;384578;Semireboque;REB/RANDON SR GR TR/RANDON SR GR TR;1992;NA;NA;0;NA;0;0;0;0;-18,884602;-48,26594;SPRF-MG;DEL15-MG;UOP01-DEL15-MG
215820;0;31/05/2019;sexta-feira;23:40:00;MG;365;682,3;MONTE ALEGRE DE MINAS;Falta de Atenção à Condução;Colisão lateral;Com Vítimas Feridas;Plena Noite;Crescente;Céu Claro;Dupla;Reta;Não;384982;Reboque;R/TRIELHT POWER 3E/TRIELHT POWER 3E;2010;NA;NA;0;NA;0;0;0;0;-18,85061244;-48,83796296;SPRF-MG;DEL15-MG;UOP01-DEL15-MG
216019;0;16/06/2019;domingo;08:15:00;MG;365;643;UBERLANDIA;Ingestão de Álcool;Saída de leito carroçável;Com Vítimas Feridas;Pleno dia;Decrescente;Céu Claro;Dupla;"Aclive;Reta";Não;385387;Semireboque;SR/FACCHINI SRF CF/FACCHINI SRF CF;2018;NA;NA;0;NA;0;0;0;0;-18,8808611;-48,49354102;SPRF-MG;DEL15-MG;UOP01-DEL15-MG
216848;0;20/06/2019;quinta-feira;06:45:00;MG;365;621,1;UBERLANDIA;Condutor Dormindo;Colisão traseira;Com Vítimas Feridas;Pleno dia;Decrescente;Céu Claro;Dupla;"Curva;Aclive";Sim;387323;Semireboque;SR/GUERRA AG PC/GUERRA AG PC;2013;NA;NA;0;NA;0;0;0;0;-18,89326492;-48,27164121;SPRF-MG;DEL15-MG;UOP01-DEL15-MG
216848;0;20/06/2019;quinta-feira;06:45:00;MG;365;621,1;UBERLANDIA;Condutor Dormindo;Colisão traseira;Com Vítimas Feridas;Pleno dia;Decrescente;Céu Claro;Dupla;"Curva;Aclive";Sim;387326;Semireboque;SR/GUERRA AG PC/GUERRA AG PC;2010;NA;NA;0;NA;0;0;0;0;-18,89326492;-48,27164121;SPRF-MG;DEL15-MG;UOP01-DEL15-MG
218471;0;30/05/2019;quinta-feira;08:30:00;MG;365;751;ITUIUTABA;Falta de Atenção à Condução;Colisão traseira;Com Vítimas Feridas;Pleno dia;Crescente;Céu Claro;Simples;Declive;Não;389964;Semireboque;SR/SERGOMEL SRSCPI 2E/SERGOMEL SRSCPI 2E;2013;NA;NA;0;NA;0;0;0;0;-18,93793339;-49,43876589;SPRF-MG;DEL15-MG;UOP03-DEL15-MG
218471;0;30/05/2019;quinta-feira;08:30:00;MG;365;751;ITUIUTABA;Falta de Atenção à Condução;Colisão traseira;Com Vítimas Feridas;Pleno dia;Crescente;Céu Claro;Simples;Declive;Não;389965;Reboque;R/SERGOMEL RSCPI 4E/SERGOMEL RSCPI 4E;2013;NA;NA;0;NA;0;0;0;0;-18,93793339;-49,43876589;SPRF-MG;DEL15-MG;UOP03-DEL15-MG
219135;0;30/06/2019;domingo;23:30:00;MG;365;673;MONTE ALEGRE DE MINAS;Defeito Mecânico no Veículo;Incêndio;Sem Vítimas;Plena Noite;Crescente;Céu Claro;Dupla;Reta;Não;391111;Reboque;R/RODOVALE 3E R.ON R.OFF/RODOVALE 3E R.ON R.OFF;2008;NA;NA;0;NA;0;0;0;0;-18,86846711;-48,75850308;SPRF-MG;DEL15-MG;UOP01-DEL15-MG
219563;0;03/07/2019;quarta-feira;01:30:00;MG;365;683;MONTE ALEGRE DE MINAS;Defeito Mecânico no Veículo;Incêndio;Sem Vítimas;Plena Noite;Crescente;Céu Claro;Dupla;Curva;Não;393501;Semireboque;SR/NOMA SR2E18RT1 CG/NOMA SR2E18RT1 CG;2010;NA;NA;0;NA;0;0;0;0;-18,8489481;-48,82060476;SPRF-MG;DEL15-MG;UOP01-DEL15-MG
219563;0;03/07/2019;quarta-feira;01:30:00;MG;365;683;MONTE ALEGRE DE MINAS;Defeito Mecânico no Veículo;Incêndio;Sem Vítimas;Plena Noite;Crescente;Céu Claro;Dupla;Curva;Não;393511;Semireboque;SR/NOMA SR2E18RT2 CG/NOMA SR2E18RT2 CG;2010;NA;NA;0;NA;0;0;0;0;-18,8489481;-48,82060476;SPRF-MG;DEL15-MG;UOP01-DEL15-MG
219881;0;04/07/2019;quinta-feira;20:00:00;MG;365;461;PATROCINIO;Falta de Atenção à Condução;Colisão frontal;Sem Vítimas;Pleno dia;Crescente;Céu Claro;Simples;Interseção de Vias;Não;393979;Semireboque;SR/RANDON SR TQ/RANDON SR TQ;2012;NA;NA;0;NA;0;0;0;0;-18,87025197;-46,90171503;SPRF-MG;DEL10-MG;UOP01-DEL10-MG
221444;0;11/07/2019;quinta-feira;21:45:00;MG;365;520,7;MONTE CARMELO;Não guardar distância de segurança;Colisão traseira;Com Vítimas Feridas;Plena Noite;Decrescente;Céu Claro;Simples;Reta;Não;396834;Semireboque;SR/TANESFIL TQ3E/TANESFIL TQ3E;2018;NA;NA;0;NA;0;0;0;0;-18,91586;-47,39521;SPRF-MG;DEL10-MG;UOP01-DEL10-MG
221792;0;13/07/2019;sábado;13:00:00;MG;365;742;ITUIUTABA;Defeito Mecânico no Veículo;Colisão com objeto estático;Com Vítimas Fatais;Pleno dia;Crescente;Céu Claro;Simples;Ponte;Não;397555;Semireboque;SR/GUERRA AG GR/GUERRA AG GR;2008;NA;NA;0;NA;0;0;0;0;-18,92045773;-49,41898027;SPRF-MG;DEL15-MG;UOP03-DEL15-MG
222513;0;16/07/2019;terça-feira;18:50:00;MG;365;643;UBERLANDIA;Defeito Mecânico no Veículo;Colisão traseira;Sem Vítimas;Plena Noite;Decrescente;Céu Claro;Dupla;Reta;Não;398684;Semireboque;SR/KRONORTE BT1/KRONORTE BT1;2014;NA;NA;0;NA;0;0;0;0;-18,88809668;-48,4462738;SPRF-MG;DEL15-MG;UOP01-DEL15-MG
222513;0;16/07/2019;terça-feira;18:50:00;MG;365;643;UBERLANDIA;Defeito Mecânico no Veículo;Colisão traseira;Sem Vítimas;Plena Noite;Decrescente;Céu Claro;Dupla;Reta;Não;398704;Semireboque;SR/KRONORTE BT2/KRONORTE BT2;2014;NA;NA;0;NA;0;0;0;0;-18,88809668;-48,4462738;SPRF-MG;DEL15-MG;UOP01-DEL15-MG
222513;0;16/07/2019;terça-feira;18:50:00;MG;365;643;UBERLANDIA;Defeito Mecânico no Veículo;Colisão traseira;Sem Vítimas;Plena Noite;Decrescente;Céu Claro;Dupla;Reta;Não;398679;Semireboque;SR/GUERRA AG GR/GUERRA AG GR;2002;NA;NA;0;NA;0;0;0;0;-18,88809668;-48,4462738;SPRF-MG;DEL15-MG;UOP01-DEL15-MG