id;pesid;data_inversa;dia_semana;horario;uf;br;km;municipio;causa_acidente;tipo_acidente;classificacao_acidente;fase_dia;sentido_via;condicao_metereologica;tipo_pista;tracado_via;uso_solo;id_veiculo;tipo_veiculo;marca;ano_fabricacao_veiculo;tipo_envolvido;estado_fisico;idade;sexo;ilesos;feridos_leves;feridos_graves;mortos;latitude;longitude;regional;delegacia;uop
187563;417471;26/01/2019;sábado;13:00:00;MG;365;640;UBERLANDIA;Falta de Atenção à Condução;Colisão traseira;Com Vítimas Feridas;Pleno dia;Crescente;Sol;Dupla;Reta;Não;333520;Motocicleta;HONDA/CG 160 FAN/CG 160 FAN;2018;Condutor;Ileso;24;Masculino;1;0;0;0;-18,8928;-48,4176;SPRF-MG;DEL15-MG;UOP01-DEL15-MG
187563;417473;26/01/2019;sábado;13:00:00;MG;365;640;UBERLANDIA;Falta de Atenção à Condução;Colisão traseira;Com Vítimas Feridas;Pleno dia;Crescente;Sol;Dupla;Reta;Não;333520;Motocicleta;HONDA/CG 160 FAN/CG 160 FAN;2018;Passageiro;Lesões Leves;20;Masculino;0;1;0;0;-18,8928;-48,4176;SPRF-MG;DEL15-MG;UOP01-DEL15-MG
187563;417589;26/01/2019;sábado;13:00:00;MG;365;640;UBERLANDIA;Falta de Atenção à Condução;Colisão traseira;Com Vítimas Feridas;Pleno dia;Crescente;Sol;Dupla;Reta;Não;333521;Caminhonete;FIAT/STRADA ADVENTURE CD/STRADA ADVENTURE CD;2018;Condutor;Ileso;57;Masculino;1;0;0;0;-18,8928;-48,4176;SPRF-MG;DEL15-MG;UOP01-DEL15-MG
188012;416822;28/01/2019;segunda-feira;18:20:00;MG;365;621;UBERLANDIA;Falta de Atenção à Condução;Colisão traseira;Com Vítimas Feridas;Pleno dia;Crescente;Céu Claro;Dupla;Reta;Sim;334298;Motocicleta;HONDA/CG 125 TODAY/CG 125 TODAY;1994;Condutor;Lesões Leves;49;Masculino;0;1;0;0;-18,8974;-48,2715;SPRF-MG;DEL15-MG;UOP01-DEL15-MG
188012;416823;28/01/2019;segunda-feira;18:20:00;MG;365;621;UBERLANDIA;Falta de Atenção à Condução;Colisão traseira;Com Vítimas Feridas;Pleno dia;Crescente;Céu Claro;Dupla;Reta;Sim;334298;Motocicleta;HONDA/CG 125 TODAY/CG 125 TODAY;1994;Passageiro;Ileso;44;Masculino;1;0;0;0;-18,8974;-48,2715;SPRF-MG;DEL15-MG;UOP01-DEL15-MG
188143;415639;29/01/2019;terça-feira;13:10:00;MG;365;613;UBERLANDIA;Falta de Atenção à Condução;Colisão frontal;Com Vítimas Feridas;Pleno dia;Crescente;Céu Claro;Simples;Reta;Sim;334666;Automóvel;RENAULT/CLIO RT 1.0 16V/CLIO RT 1.0 16V;2001;Condutor;Lesões Leves;27;Masculino;0;1;0;0;-18,92331275;-48,20125049;SPRF-MG;DEL15-MG;UOP01-DEL15-MG
188143;415644;29/01/2019;terça-feira;13:10:00;MG;365;613;UBERLANDIA;Falta de Atenção à Condução;Colisão frontal;Com Vítimas Feridas;Pleno dia;Crescente;Céu Claro;Simples;Reta;Sim;334666;Automóvel;RENAULT/CLIO RT 1.0 16V/CLIO RT 1.0 16V;2001;Passageiro;Lesões Leves;0;Masculino;0;1;0;0;-18,92331275;-48,20125049;SPRF-MG;DEL15-MG;UOP01-DEL15-MG
188515;417517;31/01/2019;quinta-feira;17:50:00;MG;365;621;UBERLANDIA;Não guardar distância de segurança;Colisão traseira;Com Vítimas Feridas;Pleno dia;Decrescente;Céu Claro;Dupla;Reta;Sim;335384;Utilitário;JEEP/RENEGADE LNGTD AT D/RENEGADE LNGTD AT D;2015;Condutor;Ileso;28;Masculino;1;0;0;0;-18,8974;-48,2715;SPRF-MG;DEL15-MG;UOP01-DEL15-MG
188515;417516;31/01/2019;quinta-feira;17:50:00;MG;365;621;UBERLANDIA;Não guardar distância de segurança;Colisão traseira;Com Vítimas Feridas;Pleno dia;Decrescente;Céu Claro;Dupla;Reta;Sim;335383;Motocicleta;HONDA/CG 150 FAN ESI/CG 150 FAN ESI;2010;Condutor;Lesões Leves;48;Masculino;0;1;0;0;-18,8974;-48,2715;SPRF-MG;DEL15-MG;UOP01-DEL15-MG
188530;418162;31/01/2019;quinta-feira;16:50:00;MG;365;752,1;ITUIUTABA;Defeito na Via;Saída de leito carroçável;Com Vítimas Feridas;Pleno dia;Decrescente;Céu Claro;Simples;Ponte;Não;335362;Caminhonete;CHEVROLET/S10 LT DD4A/S10 LT DD4A;2016;Condutor;Lesões Leves;39;Feminino;0;1;0;0;-18,94245723;-49,44957018;SPRF-MG;DEL15-MG;UOP03-DEL15-MG
188768;419134;02/02/2019;sábado;03:30:00;MG;365;732,5;ITUIUTABA;Animais na Pista;Saída de leito carroçável;Com Vítimas Feridas;Plena Noite;Crescente;Céu Claro;Dupla;Curva;Não;335804;Automóvel;VW/POLO 1.6 SPORTLINE/POLO 1.6 SPORTLINE;2012;Condutor;Lesões Leves;32;Masculino;0;1;0;0;-18,90959537;-49,33204651;SPRF-MG;DEL15-MG;UOP03-DEL15-MG
188842;419158;02/02/2019;sábado;11:40:00;MG;365;624;UBERLANDIA;Não guardar distância de segurança;Colisão traseira;Sem Vítimas;Pleno dia;Decrescente;Céu Claro;Simples;Reta;Sim;337320;Automóvel;CITROEN/C3 GLX 14 FLEX/C3 GLX 14 FLEX;2007;Condutor;Ileso;31;Masculino;1;0;0;0;-18,903;-48,2787;SPRF-MG;DEL15-MG;UOP01-DEL15-MG
189054;417898;03/02/2019;domingo;04:30:00;MG;365;622;UBERLANDIA;Falta de Atenção à Condução;Colisão com objeto estático;Com Vítimas Feridas;Plena Noite;Decrescente;Céu Claro;Simples;Reta;Sim;336278;Motocicleta;HONDA/CG150 FAN ESDI/CG150 FAN ESDI;2010;Passageiro;Lesões Leves;26;Masculino;0;1;0;0;-18,8974;-48,2715;SPRF-MG;DEL15-MG;UOP01-DEL15-MG
189054;417896;03/02/2019;domingo;04:30:00;MG;365;622;UBERLANDIA;Falta de Atenção à Condução;Colisão com objeto estático;Com Vítimas Feridas;Plena Noite;Decrescente;Céu Claro;Simples;Reta;Sim;336278;Motocicleta;HONDA/CG150 FAN ESDI/CG150 FAN ESDI;2010;Condutor;Lesões Graves;30;Masculino;0;0;1;0;-18,8974;-48,2715;SPRF-MG;DEL15-MG;UOP01-DEL15-MG
189142;417781;03/02/2019;domingo;16:00:00;MG;365;505;PATROCINIO;Condutor Dormindo;Saída de leito carroçável;Com Vítimas Feridas;Pleno dia;Crescente;Céu Claro;Múltipla;Reta;Não;336370;Caminhonete;FIAT/STRADA TREK CD 1.6/STRADA TREK CD 1.6;2012;Condutor;Lesões Leves;52;Masculino;0;1;0;0;-18,95902145;-47,24869296;SPRF-MG;DEL10-MG;UOP01-DEL10-MG
189142;417783;03/02/2019;domingo;16:00:00;MG;365;505;PATROCINIO;Condutor Dormindo;Saída de leito carroçável;Com Vítimas Feridas;Pleno dia;Crescente;Céu Claro;Múltipla;Reta;Não;336370;Caminhonete;FIAT/STRADA TREK CD 1.6/STRADA TREK CD 1.6;2012;Passageiro;Lesões Leves;18;Feminino;0;1;0;0;-18,95902145;-47,24869296;SPRF-MG;DEL10-MG;UOP01-DEL10-MG
189142;417784;03/02/2019;domingo;16:00:00;MG;365;505;PATROCINIO;Condutor Dormindo;Saída de leito carroçável;Com Vítimas Feridas;Pleno dia;Crescente;Céu Claro;Múltipla;Reta;Não;336370;Caminhonete;FIAT/STRADA TREK CD 1.6/STRADA TREK CD 1.6;2012;Passageiro;Lesões Leves;18;Feminino;0;1;0;0;-18,95902145;-47,24869296;SPRF-MG;DEL10-MG;UOP01-DEL10-MG
189142;417785;03/02/2019;domingo;16:00:00;MG;365;505;PATROCINIO;Condutor Dormindo;Saída de leito carroçável;Com Vítimas Feridas;Pleno dia;Crescente;Céu Claro;Múltipla;Reta;Não;336370;Caminhonete;FIAT/STRADA TREK CD 1.6/STRADA TREK CD 1.6;2012;Passageiro;Lesões Leves;18;Feminino;0;1;0;0;-18,95902145;-47,24869296;SPRF-MG;DEL10-MG;UOP01-DEL10-MG
189238;418094;04/02/2019;segunda-feira;07:45:00;MG;365;609;UBERLANDIA;Falta de Atenção à Condução;Colisão traseira;Com Vítimas Feridas;Pleno dia;Decrescente;Céu Claro;Dupla;Reta;Não;336628;Bicicleta;Não Informado/Não Informado/Não Informado;0;Condutor;Lesões Leves;49;Masculino;0;1;0;0;-18,91814129;-48,17779541;SPRF-MG;DEL15-MG;UOP01-DEL15-MG
190003;421265;08/02/2019;sexta-feira;07:00:00;MG;365;625;UBERLANDIA;Não guardar distância de segurança;Colisão traseira;Sem Vítimas;Pleno dia;Crescente;Céu Claro;Dupla;Reta;Sim;337968;Automóvel;Não Informado/Não Informado/Não Informado;0;Condutor;Não Informado;0;Não Informado;0;0;0;0;-18,91027636;-48,30611598;SPRF-MG;DEL15-MG;UOP01-DEL15-MG
190003;421253;08/02/2019;sexta-feira;07:00:00;MG;365;625;UBERLANDIA;Não guardar distância de segurança;Colisão traseira;Sem Vítimas;Pleno dia;Crescente;Céu Claro;Dupla;Reta;Sim;337967;Automóvel;VW/POLO 1.6 SPORTLINE/POLO 1.6 SPORTLINE;2013;Condutor;Ileso;30;Masculino;1;0;0;0;-18,91027636;-48,30611598;SPRF-MG;DEL15-MG;UOP01-DEL15-MG
190074;420096;08/02/2019;sexta-feira;14:20:00;MG;365;645,8;UBERLANDIA;Velocidade Incompatível;Saída de leito carroçável;Com Vítimas Feridas;Pleno dia;Decrescente;Chuva;Dupla;Curva;Não;338155;Automóvel;TOYOTA/COROLLA XEI20FLEX/COROLLA XEI20FLEX;2011;Condutor;Ileso;46;Masculino;1;0;0;0;-18,8857;-48,4645;SPRF-MG;DEL15-MG;UOP01-DEL15-MG
190074;420097;08/02/2019;sexta-feira;14:20:00;MG;365;645,8;UBERLANDIA;Velocidade Incompatível;Saída de leito carroçável;Com Vítimas Feridas;Pleno dia;Decrescente;Chuva;Dupla;Curva;Não;338155;Automóvel;TOYOTA/COROLLA XEI20FLEX/COROLLA XEI20FLEX;2011;Passageiro;Lesões Leves;30;Feminino;0;1;0;0;-18,8857;-48,4645;SPRF-MG;DEL15-MG;UOP01-DEL15-MG
190089;420110;08/02/2019;sexta-feira;15:30:00;MG;365;620;UBERLANDIA;Não guardar distância de segurança;Colisão traseira;Sem Vítimas;Pleno dia;Decrescente;Céu Claro;Dupla;Reta;Sim;338156;Caminhonete;MMC/L200 TRITON 3.2 D/L200 TRITON 3.2 D;2013;Condutor;Ileso;37;Masculino;1;0;0;0;-18,8974;-48,2715;SPRF-MG;DEL15-MG;UOP01-DEL15-MG
190089;420112;08/02/2019;sexta-feira;15:30:00;MG;365;620;UBERLANDIA;Não guardar distância de segurança;Colisão traseira;Sem Vítimas;Pleno dia;Decrescente;Céu Claro;Dupla;Reta;Sim;338157;Automóvel;VW/GOL 1.0 GIV/GOL 1.0 GIV;2010;Condutor;Ileso;21;Masculino;1;0;0;0;-18,8974;-48,2715;SPRF-MG;DEL15-MG;UOP01-DEL15-MG
190107;420287;08/02/2019;sexta-feira;14:30:00;MG;365;611;UBERLANDIA;Defeito Mecânico no Veículo;Colisão com objeto estático;Com Vítimas Feridas;Pleno dia;Crescente;Chuva;Dupla;Reta;Não;338304;Automóvel;GM/CORSA MILENIUM/CORSA MILENIUM;2001;Condutor;Lesões Graves;43;Masculino;0;0;1;0;-18,91373644;-48,17380428;SPRF-MG;DEL15-MG;UOP01-DEL15-MG
190107;420288;08/02/2019;sexta-feira;14:30:00;MG;365;611;UBERLANDIA;Defeito Mecânico no Veículo;Colisão com objeto estático;Com Vítimas Feridas;Pleno dia;Crescente;Chuva;Dupla;Reta;Não;338304;Automóvel;GM/CORSA MILENIUM/CORSA MILENIUM;2001;Passageiro;Lesões Graves;43;Feminino;0;0;1;0;-18,91373644;-48,17380428;SPRF-MG;DEL15-MG;UOP01-DEL15-MG
190163;420355;08/02/2019;sexta-feira;20:10:00;MG;365;620;UBERLANDIA;Não guardar distância de segurança;Colisão com objeto em movimento;Com Vítimas Feridas;Plena Noite;Decrescente;Céu Claro;Dupla;Curva;Sim;338289;Motocicleta;JTA/SUZUKI DR650RE/SUZUKI DR650RE;1996;Condutor;Lesões Graves;30;Masculino;0;0;1;0;-18,88514268;-48,26577187;SPRF-MG;DEL15-MG;UOP01-DEL15-MG
190163;420357;08/02/2019;sexta-feira;20:10:00;MG;365;620;UBERLANDIA;Não guardar distância de segurança;Colisão com objeto em movimento;Com Vítimas Feridas;Plena Noite;Decrescente;Céu Claro;Dupla;Curva;Sim;0;NA;NA/NA/NA;0;Testemunha;Não Informado;0;Não Informado;0;0;0;0;-18,88514268;-48,26577187;SPRF-MG;DEL15-MG;UOP01-DEL15-MG
190538;421060;10/02/2019;domingo;17:00:00;MG;365;667;MONTE ALEGRE DE MINAS;Velocidade Incompatível;Colisão lateral;Com Vítimas Feridas;Pleno dia;Crescente;Chuva;Dupla;Reta;Não;338944;Caminhonete;I/TOYOTA HILUX CD4X4 SRV/TOYOTA HILUX CD4X4 SRV;2015;Condutor;Lesões Leves;53;Masculino;0;1;0;0;-18,8937;-48,6607;SPRF-MG;DEL15-MG;UOP01-DEL15-MG
190538;421063;10/02/2019;domingo;17:00:00;MG;365;667;MONTE ALEGRE DE MINAS;Velocidade Incompatível;Colisão lateral;Com Vítimas Feridas;Pleno dia;Crescente;Chuva;Dupla;Reta;Não;338945;Caminhonete;I/TOYOTA HILUX CDSRVA4FD/TOYOTA HILUX CDSRVA4FD;2017;Condutor;Ileso;40;Masculino;1;0;0;0;-18,8937;-48,6607;SPRF-MG;DEL15-MG;UOP01-DEL15-MG
190865;421855;12/02/2019;terça-feira;07:50:00;MG;365;611,1;UBERLANDIA;Falta de Atenção à Condução;Tombamento;Com Vítimas Feridas;Pleno dia;Crescente;Céu Claro;Dupla;Reta;Sim;339544;Bicicleta;Não Informado/Não Informado/Não Informado;0;Condutor;Lesões Leves;24;Masculino;0;1;0;0;-18,9036235;-48,18621904;SPRF-MG;DEL15-MG;UOP01-DEL15-MG
191072;424521;13/02/2019;quarta-feira;13:00:00;MG;365;570;INDIANOPOLIS;Falta de Atenção à Condução;Colisão lateral;Com Vítimas Feridas;Pleno dia;Crescente;Sol;Simples;Reta;Não;340005;Caminhonete;FIAT/STRADA WORKING CD/STRADA WORKING CD;2012;Condutor;Lesões Leves;62;Masculino;0;1;0;0;-18,91431;-47,86009;SPRF-MG;DEL15-MG;UOP02-DEL15-MG
191072;424530;13/02/2019;quarta-feira;13:00:00;MG;365;570;INDIANOPOLIS;Falta de Atenção à Condução;Colisão lateral;Com Vítimas Feridas;Pleno dia;Crescente;Sol;Simples;Reta;Não;340005;Caminhonete;FIAT/STRADA WORKING CD/STRADA WORKING CD;2012;Passageiro;Ileso;53;Feminino;1;0;0;0;-18,91431;-47,86009;SPRF-MG;DEL15-MG;UOP02-DEL15-MG
191072;424531;13/02/2019;quarta-feira;13:00:00;MG;365;570;INDIANOPOLIS;Falta de Atenção à Condução;Colisão lateral;Com Vítimas Feridas;Pleno dia;Crescente;Sol;Simples;Reta;Não;340005;Caminhonete;FIAT/STRADA WORKING CD/STRADA WORKING CD;2012;Passageiro;Ileso;7;Feminino;1;0;0;0;-18,91431;-47,86009;SPRF-MG;DEL15-MG;UOP02-DEL15-MG
191353;424979;15/02/2019;sexta-feira;07:20:00;MG;365;622;UBERLANDIA;Agressão Externa;Queda de ocupante de veículo;Com Vítimas Feridas;Pleno dia;Decrescente;Garoa/Chuvisco;Dupla;Interseção de Vias;Sim;341731;Motocicleta;HONDA/CG 125 FAN KS/CG 125 FAN KS;2012;Condutor;Lesões Leves;25;Masculino;0;1;0;0;-18,8974;-48,2715;SPRF-MG;DEL15-MG;UOP01-DEL15-MG
191474;423586;15/02/2019;sexta-feira;16:00:00;MG;365;647;UBERLANDIA;Defeito Mecânico no Veículo;Saída de leito carroçável;Com Vítimas Feridas;Pleno dia;Decrescente;Céu Claro;Dupla;Reta;Não;340879;Motor-casa;RENAULT/MASTER NIKSMC.CH/MASTER NIKSMC.CH;2014;Condutor;Lesões Leves;49;Masculino;0;1;0;0;-18,8826;-48,4832;SPRF-MG;DEL15-MG;UOP01-DEL15-MG
191712;426094;16/02/2019;sábado;15:30:00;MG;365;675;MONTE ALEGRE DE MINAS;Velocidade Incompatível;Saída de leito carroçável;Com Vítimas Feridas;Pleno dia;Decrescente;Chuva;Dupla;Curva;Não;341180;Camioneta;JEEP/RENEGADE SPORT AT/RENEGADE SPORT AT;2015;Passageiro;Lesões Leves;16;Feminino;0;1;0;0;-18,884;-48,7362;SPRF-MG;DEL15-MG;UOP01-DEL15-MG
191712;426090;16/02/2019;sábado;15:30:00;MG;365;675;MONTE ALEGRE DE MINAS;Velocidade Incompatível;Saída de leito carroçável;Com Vítimas Feridas;Pleno dia;Decrescente;Chuva;Dupla;Curva;Não;341180;Camioneta;JEEP/RENEGADE SPORT AT/RENEGADE SPORT AT;2015;Condutor;Ileso;42;Masculino;1;0;0;0;-18,884;-48,7362;SPRF-MG;DEL15-MG;UOP01-DEL15-MG
191952;424379;17/02/2019;domingo;12:15:00;MG;365;633;UBERLANDIA;Falta de Atenção do Pedestre;Atropelamento de Pedestre;Com Vítimas Feridas;Pleno dia;Crescente;Nublado;Dupla;Reta;Não;341515;Automóvel;Não Informado/Não Informado/Não Informado;0;Condutor;Não Informado;0;Não Informado;0;0;0;0;-18,902;-48,3521;SPRF-MG;DEL15-MG;UOP01-DEL15-MG
191952;424375;17/02/2019;domingo;12:15:00;MG;365;633;UBERLANDIA;Falta de Atenção do Pedestre;Atropelamento de Pedestre;Com Vítimas Feridas;Pleno dia;Crescente;Nublado;Dupla;Reta;Não;0;NA;NA/NA/NA;0;Pedestre;Lesões Leves;20;Masculino;0;1;0;0;-18,902;-48,3521;SPRF-MG;DEL15-MG;UOP01-DEL15-MG
192285;425208;14/01/2019;segunda-feira;09:00:00;MG;365;616;UBERLANDIA;Não guardar distância de segurança;Colisão traseira;Com Vítimas Feridas;Pleno dia;Crescente;Céu Claro;Dupla;Reta;Sim;342122;Caminhonete;VW/SAVEIRO 1.6 SUPERSURF/SAVEIRO 1.6 SUPERSURF;2004;Condutor;Ileso;0;Masculino;1;0;0;0;-18,8974;-48,2715;SPRF-MG;DEL15-MG;UOP01-DEL15-MG
192285;425209;14/01/2019;segunda-feira;09:00:00;MG;365;616;UBERLANDIA;Não guardar distância de segurança;Colisão traseira;Com Vítimas Feridas;Pleno dia;Crescente;Céu Claro;Dupla;Reta;Sim;342123;Automóvel;GM/CORSA WIND/CORSA WIND;0;Condutor;Não Informado;0;Não Informado;0;0;0;0;-18,8974;-48,2715;SPRF-MG;DEL15-MG;UOP01-DEL15-MG
192285;425206;14/01/2019;segunda-feira;09:00:00;MG;365;616;UBERLANDIA;Não guardar distância de segurança;Colisão traseira;Com Vítimas Feridas;Pleno dia;Crescente;Céu Claro;Dupla;Reta;Sim;342120;Caminhonete;CHEVROLET/S10 LTZ DD4A/S10 LTZ DD4A;0;Condutor;Ileso;0;Masculino;1;0;0;0;-18,8974;-48,2715;SPRF-MG;DEL15-MG;UOP01-DEL15-MG
192285;425207;14/01/2019;segunda-feira;09:00:00;MG;365;616;UBERLANDIA;Não guardar distância de segurança;Colisão traseira;Com Vítimas Feridas;Pleno dia;Crescente;Céu Claro;Dupla;Reta;Sim;342121;Motocicleta;HONDA/CG 125 FAN KS/CG 125 FAN KS;0;Condutor;Lesões Leves;0;Masculino;0;1;0;0;-18,8974;-48,2715;SPRF-MG;DEL15-MG;UOP01-DEL15-MG
192365;425531;19/02/2019;terça-feira;16:15:00;MG;365;619;UBERLANDIA;Desobediência às normas de trânsito pelo condutor;Colisão lateral;Com Vítimas Feridas;Pleno dia;Crescente;Céu Claro;Dupla;Reta;Sim;342273;Motocicleta;HONDA/CG 125 FAN ES/CG 125 FAN ES;2012;Passageiro;Lesões Leves;42;Feminino;0;1;0;0;-18,8974;-48,2715;SPRF-MG;DEL15-MG;UOP01-DEL15-MG
192365;425530;19/02/2019;terça-feira;16:15:00;MG;365;619;UBERLANDIA;Desobediência às normas de trânsito pelo condutor;Colisão lateral;Com Vítimas Feridas;Pleno dia;Crescente;Céu Claro;Dupla;Reta;Sim;342273;Motocicleta;HONDA/CG 125 FAN ES/CG 125 FAN ES;2012;Condutor;Lesões Graves;26;Masculino;0;0;1;0;-18,8974;-48,2715;SPRF-MG;DEL15-MG;UOP01-DEL15-MG
192515;426001;20/02/2019;quarta-feira;13:30:00;MG;365;656;UBERLANDIA;Pista Escorregadia;Saída de leito carroçável;Com Vítimas Feridas;Pleno dia;Decrescente;Chuva;Dupla;Em Obras;Não;342617;Caminhonete;CHEVROLET/S10 LTZ DD4A/S10 LTZ DD4A;2018;Condutor;Ileso;35;Masculino;1;0;0;0;-18,86430078;-48,58489037;SPRF-MG;DEL15-MG;UOP01-DEL15-MG
192515;426005;20/02/2019;quarta-feira;13:30:00;MG;365;656;UBERLANDIA;Pista Escorregadia;Saída de leito carroçável;Com Vítimas Feridas;Pleno dia;Decrescente;Chuva;Dupla;Em Obras;Não;342650;Caminhonete;FORD/PAMPA 1.8 GL/PAMPA 1.8 GL;1992;Passageiro;Lesões Graves;52;Feminino;0;0;1;0;-18,86430078;-48,58489037;SPRF-MG;DEL15-MG;UOP01-DEL15-MG
192515;426105;20/02/2019;quarta-feira;13:30:00;MG;365;656;UBERLANDIA;Pista Escorregadia;Saída de leito carroçável;Com Vítimas Feridas;Pleno dia;Decrescente;Chuva;Dupla;Em Obras;Não;342650;Caminhonete;FORD/PAMPA 1.8 GL/PAMPA 1.8 GL;1992;Condutor;Não Informado;0;Não Informado;0;0;0;0;-18,86430078;-48,58489037;SPRF-MG;DEL15-MG;UOP01-DEL15-MG
192589;426333;20/02/2019;quarta-feira;23:30:00;MG;365;470;PATROCINIO;Falta de Atenção à Condução;Colisão transversal;Com Vítimas Feridas;Plena Noite;Crescente;Chuva;Simples;Reta;Sim;342775;Micro-ônibus;I/M.BENZ 515CDISPRINTERM/M.BENZ 515CDISPRINTERM;2018;Passageiro;Ileso;37;Masculino;1;0;0;0;-18,91668;-46,97599;SPRF-MG;DEL10-MG;UOP01-DEL10-MG
192589;426335;20/02/2019;quarta-feira;23:30:00;MG;365;470;PATROCINIO;Falta de Atenção à Condução;Colisão transversal;Com Vítimas Feridas;Plena Noite;Crescente;Chuva;Simples;Reta;Sim;342775;Micro-ônibus;I/M.BENZ 515CDISPRINTERM/M.BENZ 515CDISPRINTERM;2018;Passageiro;Ileso;22;Masculino;1;0;0;0;-18,91668;-46,97599;SPRF-MG;DEL10-MG;UOP01-DEL10-MG
192589;426352;20/02/2019;quarta-feira;23:30:00;MG;365;470;PATROCINIO;Falta de Atenção à Condução;Colisão transversal;Com Vítimas Feridas;Plena Noite;Crescente;Chuva;Simples;Reta;Sim;342775;Micro-ônibus;I/M.BENZ 515CDISPRINTERM/M.BENZ 515CDISPRINTERM;2018;Passageiro;Ileso;19;Feminino;1;0;0;0;-18,91668;-46,97599;SPRF-MG;DEL10-MG;UOP01-DEL10-MG
192589;426338;20/02/2019;quarta-feira;23:30:00;MG;365;470;PATROCINIO;Falta de Atenção à Condução;Colisão transversal;Com Vítimas Feridas;Plena Noite;Crescente;Chuva;Simples;Reta;Sim;342775;Micro-ônibus;I/M.BENZ 515CDISPRINTERM/M.BENZ 515CDISPRINTERM;2018;Passageiro;Lesões Leves;23;Feminino;0;1;0;0;-18,91668;-46,97599;SPRF-MG;DEL10-MG;UOP01-DEL10-MG
192589;426341;20/02/2019;quarta-feira;23:30:00;MG;365;470;PATROCINIO;Falta de Atenção à Condução;Colisão transversal;Com Vítimas Feridas;Plena Noite;Crescente;Chuva;Simples;Reta;Sim;342775;Micro-ônibus;I/M.BENZ 515CDISPRINTERM/M.BENZ 515CDISPRINTERM;2018;Passageiro;Lesões Leves;39;Feminino;0;1;0;0;-18,91668;-46,97599;SPRF-MG;DEL10-MG;UOP01-DEL10-MG
192589;426330;20/02/2019;quarta-feira;23:30:00;MG;365;470;PATROCINIO;Falta de Atenção à Condução;Colisão transversal;Com Vítimas Feridas;Plena Noite;Crescente;Chuva;Simples;Reta;Sim;342775;Micro-ônibus;I/M.BENZ 515CDISPRINTERM/M.BENZ 515CDISPRINTERM;2018;Passageiro;Lesões Leves;21;Feminino;0;1;0;0;-18,91668;-46,97599;SPRF-MG;DEL10-MG;UOP01-DEL10-MG
192589;426337;20/02/2019;quarta-feira;23:30:00;MG;365;470;PATROCINIO;Falta de Atenção à Condução;Colisão transversal;Com Vítimas Feridas;Plena Noite;Crescente;Chuva;Simples;Reta;Sim;342775;Micro-ônibus;I/M.BENZ 515CDISPRINTERM/M.BENZ 515CDISPRINTERM;2018;Passageiro;Lesões Leves;23;Feminino;0;1;0;0;-18,91668;-46,97599;SPRF-MG;DEL10-MG;UOP01-DEL10-MG
192589;426327;20/02/2019;quarta-feira;23:30:00;MG;365;470;PATROCINIO;Falta de Atenção à Condução;Colisão transversal;Com Vítimas Feridas;Plena Noite;Crescente;Chuva;Simples;Reta;Sim;342775;Micro-ônibus;I/M.BENZ 515CDISPRINTERM/M.BENZ 515CDISPRINTERM;2018;Condutor;Lesões Leves;54;Masculino;0;1;0;0;-18,91668;-46,97599;SPRF-MG;DEL10-MG;UOP01-DEL10-MG
192907;426815;22/02/2019;sexta-feira;15:45:00;MG;365;623,6;UBERLANDIA;Defeito na Via;Tombamento;Com Vítimas Feridas;Pleno dia;Decrescente;Céu Claro;Dupla;Reta;Não;343380;Caminhonete;HYUNDAI/HR HDB/HR HDB;2015;Condutor;Lesões Leves;35;Masculino;0;1;0;0;-18,8974;-48,2715;SPRF-MG;DEL15-MG;UOP01-DEL15-MG
192920;426830;22/02/2019;sexta-feira;17:05:00;MG;365;686,5;MONTE ALEGRE DE MINAS;Animais na Pista;Capotamento;Com Vítimas Feridas;Pleno dia;Crescente;Nublado;Dupla;Desvio Temporário;Não;343355;Automóvel;VW/NOVO VOYAGE 1.6/NOVO VOYAGE 1.6;2013;Passageiro;Lesões Leves;25;Feminino;0;1;0;0;-18,8569;-48,8571;SPRF-MG;DEL15-MG;UOP01-DEL15-MG