id;pesid;data_inversa;dia_semana;horario;uf;br;km;municipio;causa_acidente;tipo_acidente;classificacao_acidente;fase_dia;sentido_via;condicao_metereologica;tipo_pista;tracado_via;uso_solo;id_veiculo;tipo_veiculo;marca;ano_fabricacao_veiculo;tipo_envolvido;estado_fisico;idade;sexo;ilesos;feridos_leves;feridos_graves;mortos;latitude;longitude;regional;delegacia;uop
192920;426827;22/02/2019;sexta-feira;17:05:00;MG;365;686,5;MONTE ALEGRE DE MINAS;Animais na Pista;Capotamento;Com Vítimas Feridas;Pleno dia;Crescente;Nublado;Dupla;Desvio Temporário;Não;343355;Automóvel;VW/NOVO VOYAGE 1.6/NOVO VOYAGE 1.6;2013;Condutor;Lesões Leves;25;Feminino;0;1;0;0;-18,8569;-48,8571;SPRF-MG;DEL15-MG;UOP01-DEL15-MG
192920;426828;22/02/2019;sexta-feira;17:05:00;MG;365;686,5;MONTE ALEGRE DE MINAS;Animais na Pista;Capotamento;Com Vítimas Feridas;Pleno dia;Crescente;Nublado;Dupla;Desvio Temporário;Não;343355;Automóvel;VW/NOVO VOYAGE 1.6/NOVO VOYAGE 1.6;2013;Passageiro;Lesões Leves;21;Feminino;0;1;0;0;-18,8569;-48,8571;SPRF-MG;DEL15-MG;UOP01-DEL15-MG
193260;427693;24/02/2019;domingo;08:10:00;MG;365;604;UBERLANDIA;Animais na Pista;Saída de leito carroçável;Com Vítimas Feridas;Pleno dia;Decrescente;Céu Claro;Simples;Reta;Não;344060;Automóvel;FIAT/PALIO EDX/PALIO EDX;1998;Condutor;Ileso;42;Masculino;1;0;0;0;-18,8974;-48,2715;SPRF-MG;DEL15-MG;UOP01-DEL15-MG
193260;427694;24/02/2019;domingo;08:10:00;MG;365;604;UBERLANDIA;Animais na Pista;Saída de leito carroçável;Com Vítimas Feridas;Pleno dia;Decrescente;Céu Claro;Simples;Reta;Não;344060;Automóvel;FIAT/PALIO EDX/PALIO EDX;1998;Passageiro;Lesões Leves;42;Feminino;0;1;0;0;-18,8974;-48,2715;SPRF-MG;DEL15-MG;UOP01-DEL15-MG
193274;427614;24/02/2019;domingo;10:50:00;MG;365;515,7;MONTE CARMELO;Falta de Atenção à Condução;Colisão frontal;Com Vítimas Feridas;Pleno dia;Decrescente;Céu Claro;Simples;"Declive;Reta";Não;344004;Motocicleta;JTA/SUZUKI GSX-S750 A/SUZUKI GSX-S750 A;2018;Condutor;Lesões Graves;34;Masculino;0;0;1;0;-18,917;-47,349;SPRF-MG;DEL10-MG;UOP01-DEL10-MG
193274;427611;24/02/2019;domingo;10:50:00;MG;365;515,7;MONTE CARMELO;Falta de Atenção à Condução;Colisão frontal;Com Vítimas Feridas;Pleno dia;Decrescente;Céu Claro;Simples;"Declive;Reta";Não;344003;Caminhonete;CHEVROLET/MONTANA LS/MONTANA LS;2013;Condutor;Ileso;23;Masculino;1;0;0;0;-18,917;-47,349;SPRF-MG;DEL10-MG;UOP01-DEL10-MG
193318;427745;24/02/2019;domingo;16:25:00;MG;365;613,3;UBERLANDIA;Ingestão de Álcool;Colisão transversal;Com Vítimas Fatais;Pleno dia;Crescente;Céu Claro;Simples;Reta;Sim;344156;Caminhonete;I/TOYOTA HILUX CDSRXA4FD/TOYOTA HILUX CDSRXA4FD;2018;Condutor;Lesões Leves;28;Masculino;0;1;0;0;-18,91538066;-48,21521759;SPRF-MG;DEL15-MG;UOP01-DEL15-MG
193318;427749;24/02/2019;domingo;16:25:00;MG;365;613,3;UBERLANDIA;Ingestão de Álcool;Colisão transversal;Com Vítimas Fatais;Pleno dia;Crescente;Céu Claro;Simples;Reta;Sim;344155;Automóvel;GM/CORSA WIND/CORSA WIND;1998;Passageiro;Lesões Graves;2;Feminino;0;0;1;0;-18,91538066;-48,21521759;SPRF-MG;DEL15-MG;UOP01-DEL15-MG
193318;427736;24/02/2019;domingo;16:25:00;MG;365;613,3;UBERLANDIA;Ingestão de Álcool;Colisão transversal;Com Vítimas Fatais;Pleno dia;Crescente;Céu Claro;Simples;Reta;Sim;344155;Automóvel;GM/CORSA WIND/CORSA WIND;1998;Condutor;Óbito;38;Masculino;0;0;0;1;-18,91538066;-48,21521759;SPRF-MG;DEL15-MG;UOP01-DEL15-MG
193318;427747;24/02/2019;domingo;16:25:00;MG;365;613,3;UBERLANDIA;Ingestão de Álcool;Colisão transversal;Com Vítimas Fatais;Pleno dia;Crescente;Céu Claro;Simples;Reta;Sim;344155;Automóvel;GM/CORSA WIND/CORSA WIND;1998;Passageiro;Lesões Graves;31;Feminino;0;0;1;0;-18,91538066;-48,21521759;SPRF-MG;DEL15-MG;UOP01-DEL15-MG
193318;427750;24/02/2019;domingo;16:25:00;MG;365;613,3;UBERLANDIA;Ingestão de Álcool;Colisão transversal;Com Vítimas Fatais;Pleno dia;Crescente;Céu Claro;Simples;Reta;Sim;0;NA;NA/NA/NA;0;Testemunha;Não Informado;0;Não Informado;0;0;0;0;-18,91538066;-48,21521759;SPRF-MG;DEL15-MG;UOP01-DEL15-MG
193555;430101;25/02/2019;segunda-feira;15:20:00;MG;365;751,6;ITUIUTABA;Falta de Atenção à Condução;Colisão traseira;Com Vítimas Feridas;Pleno dia;Crescente;Céu Claro;Dupla;Interseção de Vias;Sim;344521;Automóvel;VW/NOVO GOL TL MBV/NOVO GOL TL MBV;2018;Condutor;Ileso;32;Masculino;1;0;0;0;-18,94027391;-49,44687733;SPRF-MG;DEL15-MG;UOP03-DEL15-MG
193555;430102;25/02/2019;segunda-feira;15:20:00;MG;365;751,6;ITUIUTABA;Falta de Atenção à Condução;Colisão traseira;Com Vítimas Feridas;Pleno dia;Crescente;Céu Claro;Dupla;Interseção de Vias;Sim;344521;Automóvel;VW/NOVO GOL TL MBV/NOVO GOL TL MBV;2018;Passageiro;Ileso;21;Masculino;1;0;0;0;-18,94027391;-49,44687733;SPRF-MG;DEL15-MG;UOP03-DEL15-MG
193555;430109;25/02/2019;segunda-feira;15:20:00;MG;365;751,6;ITUIUTABA;Falta de Atenção à Condução;Colisão traseira;Com Vítimas Feridas;Pleno dia;Crescente;Céu Claro;Dupla;Interseção de Vias;Sim;344522;Motocicleta;HONDA/CB600F HORNET/CB600F HORNET;2007;Condutor;Lesões Graves;34;Masculino;0;0;1;0;-18,94027391;-49,44687733;SPRF-MG;DEL15-MG;UOP03-DEL15-MG
193626;428313;25/02/2019;segunda-feira;20:56:00;MG;365;505,9;PATROCINIO;Ingestão de Álcool;Capotamento;Com Vítimas Feridas;Plena Noite;Crescente;Nublado;Simples;Curva;Não;344634;Automóvel;FIAT/UNO MILLE/UNO MILLE;1990;Condutor;Lesões Leves;25;Masculino;0;1;0;0;-18,94381196;-47,30375469;SPRF-MG;DEL10-MG;UOP01-DEL10-MG
193788;428811;26/02/2019;terça-feira;17:10:00;MG;365;626,9;UBERLANDIA;Velocidade Incompatível;Colisão traseira;Com Vítimas Feridas;Pleno dia;Crescente;Nublado;Dupla;Reta;Sim;345044;Automóvel;CHEV/PRISMA 1.4MT LT/PRISMA 1.4MT LT;2018;Condutor;Ileso;49;Masculino;1;0;0;0;-18,9066;-48,2971;SPRF-MG;DEL15-MG;UOP01-DEL15-MG
193788;428809;26/02/2019;terça-feira;17:10:00;MG;365;626,9;UBERLANDIA;Velocidade Incompatível;Colisão traseira;Com Vítimas Feridas;Pleno dia;Crescente;Nublado;Dupla;Reta;Sim;345043;Motoneta;HONDA/BIZ 125 ES/BIZ 125 ES;2009;Condutor;Lesões Leves;39;Feminino;0;1;0;0;-18,9066;-48,2971;SPRF-MG;DEL15-MG;UOP01-DEL15-MG
193965;429035;14/01/2019;segunda-feira;07:55:00;MG;365;625;UBERLANDIA;Falta de Atenção à Condução;Colisão traseira;Com Vítimas Feridas;Pleno dia;Decrescente;Céu Claro;Dupla;Reta;Sim;345242;Camioneta;FORD/ECOSPORT XLS1.6FLEX/ECOSPORT XLS1.6FLEX;2006;Condutor;Ileso;43;Masculino;1;0;0;0;-18,905;-48,2879;SPRF-MG;DEL15-MG;UOP01-DEL15-MG
193965;429036;14/01/2019;segunda-feira;07:55:00;MG;365;625;UBERLANDIA;Falta de Atenção à Condução;Colisão traseira;Com Vítimas Feridas;Pleno dia;Decrescente;Céu Claro;Dupla;Reta;Sim;345243;Automóvel;VW/GOLF 1.6 SPORTLINE/GOLF 1.6 SPORTLINE;2008;Condutor;Ileso;39;Masculino;1;0;0;0;-18,905;-48,2879;SPRF-MG;DEL15-MG;UOP01-DEL15-MG
193965;429037;14/01/2019;segunda-feira;07:55:00;MG;365;625;UBERLANDIA;Falta de Atenção à Condução;Colisão traseira;Com Vítimas Feridas;Pleno dia;Decrescente;Céu Claro;Dupla;Reta;Sim;345244;Automóvel;I/FIAT SIENA EL FLEX/FIAT SIENA EL FLEX;2010;Condutor;Lesões Leves;38;Masculino;0;1;0;0;-18,905;-48,2879;SPRF-MG;DEL15-MG;UOP01-DEL15-MG
193965;429039;14/01/2019;segunda-feira;07:55:00;MG;365;625;UBERLANDIA;Falta de Atenção à Condução;Colisão traseira;Com Vítimas Feridas;Pleno dia;Decrescente;Céu Claro;Dupla;Reta;Sim;345244;Automóvel;I/FIAT SIENA EL FLEX/FIAT SIENA EL FLEX;2010;Passageiro;Lesões Leves;33;Masculino;0;1;0;0;-18,905;-48,2879;SPRF-MG;DEL15-MG;UOP01-DEL15-MG
193965;429038;14/01/2019;segunda-feira;07:55:00;MG;365;625;UBERLANDIA;Falta de Atenção à Condução;Colisão traseira;Com Vítimas Feridas;Pleno dia;Decrescente;Céu Claro;Dupla;Reta;Sim;345245;Automóvel;CHEVROLET/CLASSIC LS/CLASSIC LS;2010;Condutor;Ileso;33;Masculino;1;0;0;0;-18,905;-48,2879;SPRF-MG;DEL15-MG;UOP01-DEL15-MG
193965;429046;14/01/2019;segunda-feira;07:55:00;MG;365;625;UBERLANDIA;Falta de Atenção à Condução;Colisão traseira;Com Vítimas Feridas;Pleno dia;Decrescente;Céu Claro;Dupla;Reta;Sim;345247;Automóvel;FORD/FIESTA FLEX/FIESTA FLEX;2012;Condutor;Ileso;43;Masculino;1;0;0;0;-18,905;-48,2879;SPRF-MG;DEL15-MG;UOP01-DEL15-MG
194035;429264;28/02/2019;quinta-feira;04:45:00;MG;365;726;CANAPOLIS;Pista Escorregadia;Colisão frontal;Com Vítimas Fatais;Plena Noite;Crescente;Chuva;Simples;Declive;Não;345419;Automóvel;VW/NOVO GOL 1.6/NOVO GOL 1.6;2013;Condutor;Óbito;36;Masculino;0;0;0;1;-18,87997559;-49,15557861;SPRF-MG;DEL15-MG;UOP03-DEL15-MG
194097;431721;28/02/2019;quinta-feira;12:50:00;MG;365;679,9;MONTE ALEGRE DE MINAS;Condutor Dormindo;Saída de leito carroçável;Com Vítimas Feridas;Pleno dia;Decrescente;Nublado;Dupla;Curva;Não;345706;Camioneta;GM/BLAZER/BLAZER;1999;Passageiro;Ileso;4;Masculino;1;0;0;0;-18,8517;-48,7921;SPRF-MG;DEL15-MG;UOP01-DEL15-MG
194097;431723;28/02/2019;quinta-feira;12:50:00;MG;365;679,9;MONTE ALEGRE DE MINAS;Condutor Dormindo;Saída de leito carroçável;Com Vítimas Feridas;Pleno dia;Decrescente;Nublado;Dupla;Curva;Não;345706;Camioneta;GM/BLAZER/BLAZER;1999;Passageiro;Lesões Leves;2;Masculino;0;1;0;0;-18,8517;-48,7921;SPRF-MG;DEL15-MG;UOP01-DEL15-MG
194097;431726;28/02/2019;quinta-feira;12:50:00;MG;365;679,9;MONTE ALEGRE DE MINAS;Condutor Dormindo;Saída de leito carroçável;Com Vítimas Feridas;Pleno dia;Decrescente;Nublado;Dupla;Curva;Não;345706;Camioneta;GM/BLAZER/BLAZER;1999;Passageiro;Lesões Leves;0;Feminino;0;1;0;0;-18,8517;-48,7921;SPRF-MG;DEL15-MG;UOP01-DEL15-MG
194097;431711;28/02/2019;quinta-feira;12:50:00;MG;365;679,9;MONTE ALEGRE DE MINAS;Condutor Dormindo;Saída de leito carroçável;Com Vítimas Feridas;Pleno dia;Decrescente;Nublado;Dupla;Curva;Não;345706;Camioneta;GM/BLAZER/BLAZER;1999;Passageiro;Lesões Graves;29;Feminino;0;0;1;0;-18,8517;-48,7921;SPRF-MG;DEL15-MG;UOP01-DEL15-MG
194097;431710;28/02/2019;quinta-feira;12:50:00;MG;365;679,9;MONTE ALEGRE DE MINAS;Condutor Dormindo;Saída de leito carroçável;Com Vítimas Feridas;Pleno dia;Decrescente;Nublado;Dupla;Curva;Não;345706;Camioneta;GM/BLAZER/BLAZER;1999;Condutor;Lesões Graves;36;Masculino;0;0;1;0;-18,8517;-48,7921;SPRF-MG;DEL15-MG;UOP01-DEL15-MG
194097;431728;28/02/2019;quinta-feira;12:50:00;MG;365;679,9;MONTE ALEGRE DE MINAS;Condutor Dormindo;Saída de leito carroçável;Com Vítimas Feridas;Pleno dia;Decrescente;Nublado;Dupla;Curva;Não;0;NA;NA/NA/NA;0;Testemunha;Não Informado;0;Não Informado;0;0;0;0;-18,8517;-48,7921;SPRF-MG;DEL15-MG;UOP01-DEL15-MG
194161;429565;28/02/2019;quinta-feira;19:00:00;MG;365;626;UBERLANDIA;Não guardar distância de segurança;Colisão traseira;Sem Vítimas;Plena Noite;Crescente;Nublado;Dupla;Aclive;Sim;345614;Caminhonete;FIAT/FIORINO CIRILO AMB/FIORINO CIRILO AMB;2018;Condutor;Ileso;45;Masculino;1;0;0;0;-18,9066;-48,2971;SPRF-MG;DEL15-MG;UOP01-DEL15-MG
194161;429563;28/02/2019;quinta-feira;19:00:00;MG;365;626;UBERLANDIA;Não guardar distância de segurança;Colisão traseira;Sem Vítimas;Plena Noite;Crescente;Nublado;Dupla;Aclive;Sim;345613;Automóvel;CHEVROLET/ONIX 1.4MT LT/ONIX 1.4MT LT;2017;Condutor;Ileso;45;Feminino;1;0;0;0;-18,9066;-48,2971;SPRF-MG;DEL15-MG;UOP01-DEL15-MG
194598;430627;02/03/2019;sábado;13:30:00;MG;365;596;UBERLANDIA;Pista Escorregadia;Capotamento;Com Vítimas Feridas;Pleno dia;Crescente;Chuva;Simples;Curva;Não;346544;Caminhonete;FIAT/STRADA WORKING CD/STRADA WORKING CD;2014;Condutor;Lesões Leves;24;Masculino;0;1;0;0;-18,8974;-48,2715;SPRF-MG;DEL15-MG;UOP02-DEL15-MG
195001;432669;03/03/2019;domingo;16:30:00;MG;365;499;PATROCINIO;Falta de Atenção à Condução;Tombamento;Com Vítimas Feridas;Pleno dia;Decrescente;Chuva;Simples;Reta;Não;347134;Motocicleta;SUNDOWN/MAX 125 SE/MAX 125 SE;0;Condutor;Lesões Leves;24;Masculino;0;1;0;0;-18,9285;-47,21131;SPRF-MG;DEL10-MG;UOP01-DEL10-MG
195172;433292;05/03/2019;terça-feira;04:00:00;MG;365;626;UBERLANDIA;Falta de Atenção do Pedestre;Atropelamento de Pedestre;Com Vítimas Feridas;Plena Noite;Decrescente;Nublado;Dupla;Reta;Sim;347466;Camioneta;Não Informado/Não Informado/Não Informado;0;Condutor;Não Informado;0;Não Informado;0;0;0;0;-18,9066;-48,2971;SPRF-MG;DEL15-MG;UOP01-DEL15-MG
195172;433286;05/03/2019;terça-feira;04:00:00;MG;365;626;UBERLANDIA;Falta de Atenção do Pedestre;Atropelamento de Pedestre;Com Vítimas Feridas;Plena Noite;Decrescente;Nublado;Dupla;Reta;Sim;0;NA;NA/NA/NA;0;Testemunha;Não Informado;0;Não Informado;0;0;0;0;-18,9066;-48,2971;SPRF-MG;DEL15-MG;UOP01-DEL15-MG
195172;433282;05/03/2019;terça-feira;04:00:00;MG;365;626;UBERLANDIA;Falta de Atenção do Pedestre;Atropelamento de Pedestre;Com Vítimas Feridas;Plena Noite;Decrescente;Nublado;Dupla;Reta;Sim;0;NA;NA/NA/NA;0;Pedestre;Lesões Leves;29;Feminino;0;1;0;0;-18,9066;-48,2971;SPRF-MG;DEL15-MG;UOP01-DEL15-MG
195461;432753;06/03/2019;quarta-feira;18:00:00;MG;365;613;UBERLANDIA;Falta de Atenção à Condução;Colisão traseira;Com Vítimas Feridas;Anoitecer;Decrescente;Céu Claro;Simples;Reta;Sim;348069;Automóvel;VW/GOL TL MB/GOL TL MB;2015;Condutor;Lesões Leves;33;Feminino;0;1;0;0;-18,884602;-48,26594;SPRF-MG;DEL15-MG;UOP01-DEL15-MG
195461;432755;06/03/2019;quarta-feira;18:00:00;MG;365;613;UBERLANDIA;Falta de Atenção à Condução;Colisão traseira;Com Vítimas Feridas;Anoitecer;Decrescente;Céu Claro;Simples;Reta;Sim;348070;Caminhonete;FIAT/STRADA WORKING CD/STRADA WORKING CD;2013;Condutor;Ileso;39;Masculino;1;0;0;0;-18,884602;-48,26594;SPRF-MG;DEL15-MG;UOP01-DEL15-MG
195800;433587;08/03/2019;sexta-feira;18:45:00;MG;365;620;UBERLANDIA;Pista Escorregadia;Colisão lateral;Com Vítimas Feridas;Plena Noite;Crescente;Céu Claro;Dupla;Reta;Não;348698;Bicicleta;Não Informado/Não Informado/Não Informado;0;Condutor;Lesões Leves;57;Masculino;0;1;0;0;-18,90349687;-48,28130603;SPRF-MG;DEL15-MG;UOP01-DEL15-MG
195800;433588;08/03/2019;sexta-feira;18:45:00;MG;365;620;UBERLANDIA;Pista Escorregadia;Colisão lateral;Com Vítimas Feridas;Plena Noite;Crescente;Céu Claro;Dupla;Reta;Não;348698;Bicicleta;Não Informado/Não Informado/Não Informado;0;Passageiro;Lesões Leves;5;Feminino;0;1;0;0;-18,90349687;-48,28130603;SPRF-MG;DEL15-MG;UOP01-DEL15-MG
195945;434082;09/03/2019;sábado;13:00:00;MG;365;705,9;MONTE ALEGRE DE MINAS;Falta de Atenção à Condução;Colisão frontal;Com Vítimas Feridas;Pleno dia;Decrescente;Céu Claro;Dupla;Curva;Não;348932;Caminhonete;HYUNDAI/HR HDB/HR HDB;2018;Condutor;Lesões Graves;24;Masculino;0;0;1;0;-18,88029779;-49,04540696;SPRF-MG;DEL15-MG;UOP03-DEL15-MG
195945;434089;09/03/2019;sábado;13:00:00;MG;365;705,9;MONTE ALEGRE DE MINAS;Falta de Atenção à Condução;Colisão frontal;Com Vítimas Feridas;Pleno dia;Decrescente;Céu Claro;Dupla;Curva;Não;348932;Caminhonete;HYUNDAI/HR HDB/HR HDB;2018;Passageiro;Lesões Graves;35;Masculino;0;0;1;0;-18,88029779;-49,04540696;SPRF-MG;DEL15-MG;UOP03-DEL15-MG
196463;434990;28/02/2019;quinta-feira;06:10:00;MG;365;726,5;ITUIUTABA;Velocidade Incompatível;Colisão traseira;Com Vítimas Feridas;Amanhecer;Decrescente;Chuva;Simples;Reta;Não;349822;Caminhonete;CHEVROLET/S10 LT FD2/S10 LT FD2;2015;Passageiro;Lesões Leves;75;Masculino;0;1;0;0;-18,89215248;-49,23735917;SPRF-MG;DEL15-MG;UOP03-DEL15-MG
196463;434992;28/02/2019;quinta-feira;06:10:00;MG;365;726,5;ITUIUTABA;Velocidade Incompatível;Colisão traseira;Com Vítimas Feridas;Amanhecer;Decrescente;Chuva;Simples;Reta;Não;349822;Caminhonete;CHEVROLET/S10 LT FD2/S10 LT FD2;2015;Condutor;Ileso;41;Masculino;1;0;0;0;-18,89215248;-49,23735917;SPRF-MG;DEL15-MG;UOP03-DEL15-MG
196463;438183;28/02/2019;quinta-feira;06:10:00;MG;365;726,5;ITUIUTABA;Velocidade Incompatível;Colisão traseira;Com Vítimas Feridas;Amanhecer;Decrescente;Chuva;Simples;Reta;Não;352548;Automóvel;VW/NOVO GOL 1.0 CITY/NOVO GOL 1.0 CITY;2014;Condutor;Ileso;41;Feminino;1;0;0;0;-18,89215248;-49,23735917;SPRF-MG;DEL15-MG;UOP03-DEL15-MG
196464;435043;12/03/2019;terça-feira;00:10:00;MG;365;608;UBERLANDIA;Deficiência ou não Acionamento do Sistema de Iluminação/Sinalização do Veículo;Colisão traseira;Com Vítimas Feridas;Plena Noite;Crescente;Céu Claro;Simples;Reta;Sim;349852;Motocicleta;HONDA/CB 300R/CB 300R;2009;Condutor;Lesões Graves;49;Masculino;0;0;1;0;-18,9265447;-48,19551945;SPRF-MG;DEL15-MG;UOP01-DEL15-MG
196464;435052;12/03/2019;terça-feira;00:10:00;MG;365;608;UBERLANDIA;Deficiência ou não Acionamento do Sistema de Iluminação/Sinalização do Veículo;Colisão traseira;Com Vítimas Feridas;Plena Noite;Crescente;Céu Claro;Simples;Reta;Sim;0;NA;NA/NA/NA;0;Testemunha;Não Informado;0;Não Informado;0;0;0;0;-18,9265447;-48,19551945;SPRF-MG;DEL15-MG;UOP01-DEL15-MG
196555;435268;12/03/2019;terça-feira;13:50:00;MG;365;621,1;UBERLANDIA;Defeito Mecânico no Veículo;Engavetamento;Sem Vítimas;Pleno dia;Crescente;Céu Claro;Dupla;Reta;Sim;349997;Automóvel;NISSAN/VERSA 16UNIQUECVT/VERSA 16UNIQUECVT;2017;Condutor;Ileso;69;Masculino;1;0;0;0;-18,89550683;-48,27167273;SPRF-MG;DEL15-MG;UOP01-DEL15-MG
196555;435265;12/03/2019;terça-feira;13:50:00;MG;365;621,1;UBERLANDIA;Defeito Mecânico no Veículo;Engavetamento;Sem Vítimas;Pleno dia;Crescente;Céu Claro;Dupla;Reta;Sim;349993;Automóvel;HYUNDAI/HB20 1.0M COMFOR/HB20 1.0M COMFOR;2016;Condutor;Ileso;45;Masculino;1;0;0;0;-18,89550683;-48,27167273;SPRF-MG;DEL15-MG;UOP01-DEL15-MG
196555;435262;12/03/2019;terça-feira;13:50:00;MG;365;621,1;UBERLANDIA;Defeito Mecânico no Veículo;Engavetamento;Sem Vítimas;Pleno dia;Crescente;Céu Claro;Dupla;Reta;Sim;349990;Automóvel;VW/GOL 1.0/GOL 1.0;2004;Condutor;Ileso;29;Masculino;1;0;0;0;-18,89550683;-48,27167273;SPRF-MG;DEL15-MG;UOP01-DEL15-MG
196555;435266;12/03/2019;terça-feira;13:50:00;MG;365;621,1;UBERLANDIA;Defeito Mecânico no Veículo;Engavetamento;Sem Vítimas;Pleno dia;Crescente;Céu Claro;Dupla;Reta;Sim;349994;Automóvel;GM/CORSA SEDAN/CORSA SEDAN;2002;Condutor;Ileso;23;Feminino;1;0;0;0;-18,89550683;-48,27167273;SPRF-MG;DEL15-MG;UOP01-DEL15-MG
196566;435444;12/03/2019;terça-feira;11:15:00;MG;365;683;MONTE ALEGRE DE MINAS;Falta de Atenção à Condução;Saída de leito carroçável;Com Vítimas Feridas;Pleno dia;Crescente;Nublado;Dupla;Curva;Não;349988;Automóvel;VW/UP CROSS MDV/UP CROSS MDV;2019;Condutor;Lesões Graves;37;Masculino;0;0;1;0;-18,84895144;-48,82275367;SPRF-MG;DEL15-MG;UOP01-DEL15-MG
196566;435445;12/03/2019;terça-feira;11:15:00;MG;365;683;MONTE ALEGRE DE MINAS;Falta de Atenção à Condução;Saída de leito carroçável;Com Vítimas Feridas;Pleno dia;Crescente;Nublado;Dupla;Curva;Não;0;NA;NA/NA/NA;0;Testemunha;Não Informado;0;Não Informado;0;0;0;0;-18,84895144;-48,82275367;SPRF-MG;DEL15-MG;UOP01-DEL15-MG
196566;435446;12/03/2019;terça-feira;11:15:00;MG;365;683;MONTE ALEGRE DE MINAS;Falta de Atenção à Condução;Saída de leito carroçável;Com Vítimas Feridas;Pleno dia;Crescente;Nublado;Dupla;Curva;Não;0;NA;NA/NA/NA;0;Testemunha;Não Informado;0;Não Informado;0;0;0;0;-18,84895144;-48,82275367;SPRF-MG;DEL15-MG;UOP01-DEL15-MG
196641;436054;12/03/2019;terça-feira;23:40:00;MG;365;480;PATROCINIO;Restrição de Visibilidade;Colisão lateral;Com Vítimas Feridas;Plena Noite;Crescente;Céu Claro;Simples;Reta;Não;350153;Automóvel;FIAT/UNO MILLE FIRE/UNO MILLE FIRE;2003;Condutor;Ileso;56;Masculino;1;0;0;0;-18,90209;-47,055098;SPRF-MG;DEL10-MG;UOP01-DEL10-MG
196641;436055;12/03/2019;terça-feira;23:40:00;MG;365;480;PATROCINIO;Restrição de Visibilidade;Colisão lateral;Com Vítimas Feridas;Plena Noite;Crescente;Céu Claro;Simples;Reta;Não;350153;Automóvel;FIAT/UNO MILLE FIRE/UNO MILLE FIRE;2003;Passageiro;Ileso;0;Masculino;1;0;0;0;-18,90209;-47,055098;SPRF-MG;DEL10-MG;UOP01-DEL10-MG
196641;436060;12/03/2019;terça-feira;23:40:00;MG;365;480;PATROCINIO;Restrição de Visibilidade;Colisão lateral;Com Vítimas Feridas;Plena Noite;Crescente;Céu Claro;Simples;Reta;Não;350153;Automóvel;FIAT/UNO MILLE FIRE/UNO MILLE FIRE;2003;Passageiro;Lesões Graves;27;Masculino;0;0;1;0;-18,90209;-47,055098;SPRF-MG;DEL10-MG;UOP01-DEL10-MG
196701;435833;13/03/2019;quarta-feira;07:45:00;MG;365;611,8;UBERLANDIA;Falta de Atenção à Condução;Colisão traseira;Com Vítimas Feridas;Pleno dia;Crescente;Céu Claro;Simples;Rotatória;Sim;350302;Automóvel;FORD/FIESTA FLEX/FIESTA FLEX;2012;Condutor;Ileso;30;Masculino;1;0;0;0;-18,9238;-48,19992;SPRF-MG;DEL15-MG;UOP01-DEL15-MG
196701;435834;13/03/2019;quarta-feira;07:45:00;MG;365;611,8;UBERLANDIA;Falta de Atenção à Condução;Colisão traseira;Com Vítimas Feridas;Pleno dia;Crescente;Céu Claro;Simples;Rotatória;Sim;350303;Motocicleta;HONDA/CG 125 FAN/CG 125 FAN;2005;Condutor;Ileso;43;Masculino;1;0;0;0;-18,9238;-48,19992;SPRF-MG;DEL15-MG;UOP01-DEL15-MG
196701;435838;13/03/2019;quarta-feira;07:45:00;MG;365;611,8;UBERLANDIA;Falta de Atenção à Condução;Colisão traseira;Com Vítimas Feridas;Pleno dia;Crescente;Céu Claro;Simples;Rotatória;Sim;350303;Motocicleta;HONDA/CG 125 FAN/CG 125 FAN;2005;Passageiro;Lesões Leves;44;Feminino;0;1;0;0;-18,9238;-48,19992;SPRF-MG;DEL15-MG;UOP01-DEL15-MG
197044;436397;06/03/2019;quarta-feira;16:10:00;MG;365;651;MONTE ALEGRE DE MINAS;Velocidade Incompatível;Colisão traseira;Com Vítimas Feridas;Pleno dia;Crescente;Garoa/Chuvisco;Dupla;Reta;Não;350946;Automóvel;FIAT/UNO VIVACE 1.0/UNO VIVACE 1.0;2015;Condutor;Lesões Leves;57;Masculino;0;1;0;0;-18,86755464;-48,56819793;SPRF-MG;DEL15-MG;UOP01-DEL15-MG