id;pesid;data_inversa;dia_semana;horario;uf;br;km;municipio;causa_acidente;tipo_acidente;classificacao_acidente;fase_dia;sentido_via;condicao_metereologica;tipo_pista;tracado_via;uso_solo;id_veiculo;tipo_veiculo;marca;ano_fabricacao_veiculo;tipo_envolvido;estado_fisico;idade;sexo;ilesos;feridos_leves;feridos_graves;mortos;latitude;longitude;regional;delegacia;uop
197044;436398;06/03/2019;quarta-feira;16:10:00;MG;365;651;MONTE ALEGRE DE MINAS;Velocidade Incompatível;Colisão traseira;Com Vítimas Feridas;Pleno dia;Crescente;Garoa/Chuvisco;Dupla;Reta;Não;350947;Caminhonete;I/VW AMAROK CD 4X4 HIGH/VW AMAROK CD 4X4 HIGH;2015;Condutor;Ileso;28;Masculino;1;0;0;0;-18,86755464;-48,56819793;SPRF-MG;DEL15-MG;UOP01-DEL15-MG
197438;439278;16/03/2019;sábado;16:20:00;MG;365;481;PATROCINIO;Pista Escorregadia;Colisão frontal;Com Vítimas Fatais;Pleno dia;Decrescente;Chuva;Simples;Curva;Não;353347;Automóvel;FIAT/UNO MILLE FIRE FLEX/UNO MILLE FIRE FLEX;2005;Passageiro;Óbito;19;Masculino;0;0;0;1;-18,88974103;-47,07887601;SPRF-MG;DEL10-MG;UOP01-DEL10-MG
197438;439277;16/03/2019;sábado;16:20:00;MG;365;481;PATROCINIO;Pista Escorregadia;Colisão frontal;Com Vítimas Fatais;Pleno dia;Decrescente;Chuva;Simples;Curva;Não;353347;Automóvel;FIAT/UNO MILLE FIRE FLEX/UNO MILLE FIRE FLEX;2005;Condutor;Óbito;33;Masculino;0;0;0;1;-18,88974103;-47,07887601;SPRF-MG;DEL10-MG;UOP01-DEL10-MG
198877;440479;23/03/2019;sábado;21:00:00;MG;365;575;INDIANOPOLIS;Desobediência às normas de trânsito pelo condutor;Colisão transversal;Com Vítimas Fatais;Plena Noite;Crescente;Vento;Simples;"Declive;Reta";Não;354379;Automóvel;VW/GOL GTS/GOL GTS;1988;Condutor;Óbito;53;Masculino;0;0;0;1;-18,89688385;-47,91517084;SPRF-MG;DEL15-MG;UOP02-DEL15-MG
199523;442386;27/03/2019;quarta-feira;10:50:00;MG;365;612;UBERLANDIA;Não guardar distância de segurança;Colisão traseira;Com Vítimas Feridas;Pleno dia;Crescente;Sol;Simples;Reta;Não;355558;Motoneta;HONDA/BIZ 110I/BIZ 110I;2016;Condutor;Lesões Leves;23;Feminino;0;1;0;0;-18,92642291;-48,19736481;SPRF-MG;DEL15-MG;UOP01-DEL15-MG
199523;442388;27/03/2019;quarta-feira;10:50:00;MG;365;612;UBERLANDIA;Não guardar distância de segurança;Colisão traseira;Com Vítimas Feridas;Pleno dia;Crescente;Sol;Simples;Reta;Não;355559;Automóvel;VW/GOL MI/GOL MI;1997;Condutor;Ileso;21;Masculino;1;0;0;0;-18,92642291;-48,19736481;SPRF-MG;DEL15-MG;UOP01-DEL15-MG
200291;443702;31/03/2019;domingo;05:20:00;MG;365;636,3;UBERLANDIA;Condutor Dormindo;Colisão traseira;Com Vítimas Fatais;Amanhecer;Decrescente;Céu Claro;Dupla;Reta;Não;356978;Automóvel;FIAT/UNO MILLE FIRE FLEX/UNO MILLE FIRE FLEX;2005;Condutor;Óbito;25;Masculino;0;0;0;1;-18,89121835;-48,42797405;SPRF-MG;DEL15-MG;UOP01-DEL15-MG
200291;443705;31/03/2019;domingo;05:20:00;MG;365;636,3;UBERLANDIA;Condutor Dormindo;Colisão traseira;Com Vítimas Fatais;Amanhecer;Decrescente;Céu Claro;Dupla;Reta;Não;356978;Automóvel;FIAT/UNO MILLE FIRE FLEX/UNO MILLE FIRE FLEX;2005;Passageiro;Lesões Graves;18;Masculino;0;0;1;0;-18,89121835;-48,42797405;SPRF-MG;DEL15-MG;UOP01-DEL15-MG
200291;443706;31/03/2019;domingo;05:20:00;MG;365;636,3;UBERLANDIA;Condutor Dormindo;Colisão traseira;Com Vítimas Fatais;Amanhecer;Decrescente;Céu Claro;Dupla;Reta;Não;356978;Automóvel;FIAT/UNO MILLE FIRE FLEX/UNO MILLE FIRE FLEX;2005;Passageiro;Lesões Graves;21;Masculino;0;0;1;0;-18,89121835;-48,42797405;SPRF-MG;DEL15-MG;UOP01-DEL15-MG
200291;443708;31/03/2019;domingo;05:20:00;MG;365;636,3;UBERLANDIA;Condutor Dormindo;Colisão traseira;Com Vítimas Fatais;Amanhecer;Decrescente;Céu Claro;Dupla;Reta;Não;356978;Automóvel;FIAT/UNO MILLE FIRE FLEX/UNO MILLE FIRE FLEX;2005;Passageiro;Lesões Graves;18;Masculino;0;0;1;0;-18,89121835;-48,42797405;SPRF-MG;DEL15-MG;UOP01-DEL15-MG
200516;444213;01/04/2019;segunda-feira;07:50:00;MG;365;669;MONTE ALEGRE DE MINAS;Condutor Dormindo;Saída de leito carroçável;Com Vítimas Feridas;Pleno dia;Decrescente;Céu Claro;Dupla;Reta;Não;357331;Automóvel;CHEVROLET/ONIX 10MT JOYE/ONIX 10MT JOYE;2018;Condutor;Lesões Leves;34;Masculino;0;1;0;0;-18,88574107;-48,72615001;SPRF-MG;DEL15-MG;UOP01-DEL15-MG
200713;446861;02/04/2019;terça-feira;07:30:00;MG;365;622;UBERLANDIA;Falta de Atenção à Condução;Colisão traseira;Com Vítimas Feridas;Pleno dia;Decrescente;Sol;Dupla;Reta;Sim;357849;Automóvel;FORD/FIESTA 1.6 FLEX/FIESTA 1.6 FLEX;2008;Condutor;Ileso;42;Masculino;1;0;0;0;-18,90381;-48,28193;SPRF-MG;DEL15-MG;UOP01-DEL15-MG
200713;446863;02/04/2019;terça-feira;07:30:00;MG;365;622;UBERLANDIA;Falta de Atenção à Condução;Colisão traseira;Com Vítimas Feridas;Pleno dia;Decrescente;Sol;Dupla;Reta;Sim;357850;Motocicleta;HONDA/CG 150 TITAN ES/CG 150 TITAN ES;2007;Passageiro;Lesões Leves;22;Feminino;0;1;0;0;-18,90381;-48,28193;SPRF-MG;DEL15-MG;UOP01-DEL15-MG
200713;446862;02/04/2019;terça-feira;07:30:00;MG;365;622;UBERLANDIA;Falta de Atenção à Condução;Colisão traseira;Com Vítimas Feridas;Pleno dia;Decrescente;Sol;Dupla;Reta;Sim;357850;Motocicleta;HONDA/CG 150 TITAN ES/CG 150 TITAN ES;2007;Condutor;Lesões Leves;22;Masculino;0;1;0;0;-18,90381;-48,28193;SPRF-MG;DEL15-MG;UOP01-DEL15-MG
201532;446761;06/04/2019;sábado;09:00:00;MG;365;498,5;PATROCINIO;Não guardar distância de segurança;Colisão frontal;Com Vítimas Feridas;Pleno dia;Crescente;Nublado;Simples;Reta;Não;359275;Automóvel;PEUGEOT/207HB XR/207HB XR;2009;Condutor;Lesões Graves;34;Masculino;0;0;1;0;-18,94027306;-47,21904491;SPRF-MG;DEL10-MG;UOP01-DEL10-MG
201658;448738;06/04/2019;sábado;18:00:00;MG;365;583;INDIANOPOLIS;Desobediência às normas de trânsito pelo condutor;Tombamento;Sem Vítimas;Pleno dia;Crescente;Chuva;Simples;"Reta;Declive";Não;359409;Caminhonete;GM/CHEVROLET D10/CHEVROLET D10;1979;Condutor;Ileso;45;Masculino;1;0;0;0;-18,87192795;-47,96277612;SPRF-MG;DEL15-MG;UOP02-DEL15-MG
201711;448589;06/04/2019;sábado;23:15:00;MG;365;599;UBERLANDIA;Falta de Atenção à Condução;Colisão lateral;Sem Vítimas;Plena Noite;Crescente;Vento;Simples;Curva;Não;359505;Caminhonete;VW/SAVEIRO 1.6 CS/SAVEIRO 1.6 CS;2010;Condutor;Não Informado;0;Não Informado;0;0;0;0;-18,87347844;-48,08818817;SPRF-MG;DEL15-MG;UOP01-DEL15-MG
201711;448606;06/04/2019;sábado;23:15:00;MG;365;599;UBERLANDIA;Falta de Atenção à Condução;Colisão lateral;Sem Vítimas;Plena Noite;Crescente;Vento;Simples;Curva;Não;0;NA;NA/NA/NA;0;Testemunha;Não Informado;0;Não Informado;0;0;0;0;-18,87347844;-48,08818817;SPRF-MG;DEL15-MG;UOP01-DEL15-MG
201711;448611;06/04/2019;sábado;23:15:00;MG;365;599;UBERLANDIA;Falta de Atenção à Condução;Colisão lateral;Sem Vítimas;Plena Noite;Crescente;Vento;Simples;Curva;Não;0;NA;NA/NA/NA;0;Testemunha;Não Informado;0;Não Informado;0;0;0;0;-18,87347844;-48,08818817;SPRF-MG;DEL15-MG;UOP01-DEL15-MG
201964;447504;08/04/2019;segunda-feira;00:45:00;MG;365;498,6;PATROCINIO;Condutor Dormindo;Colisão frontal;Com Vítimas Fatais;Plena Noite;Crescente;Ignorado;Simples;Reta;Não;359988;Automóvel;FIAT/UNO MILLE FIRE/UNO MILLE FIRE;2003;Condutor;Óbito;43;Masculino;0;0;0;1;-18,94027306;-47,21904491;SPRF-MG;DEL10-MG;UOP01-DEL10-MG
201964;449084;08/04/2019;segunda-feira;00:45:00;MG;365;498,6;PATROCINIO;Condutor Dormindo;Colisão frontal;Com Vítimas Fatais;Plena Noite;Crescente;Ignorado;Simples;Reta;Não;359988;Automóvel;FIAT/UNO MILLE FIRE/UNO MILLE FIRE;2003;Passageiro;Lesões Graves;44;Feminino;0;0;1;0;-18,94027306;-47,21904491;SPRF-MG;DEL10-MG;UOP01-DEL10-MG
201964;449089;08/04/2019;segunda-feira;00:45:00;MG;365;498,6;PATROCINIO;Condutor Dormindo;Colisão frontal;Com Vítimas Fatais;Plena Noite;Crescente;Ignorado;Simples;Reta;Não;361041;Caminhonete;FORD/F1000/F1000;1986;Passageiro;Ileso;21;Feminino;1;0;0;0;-18,94027306;-47,21904491;SPRF-MG;DEL10-MG;UOP01-DEL10-MG
201964;449086;08/04/2019;segunda-feira;00:45:00;MG;365;498,6;PATROCINIO;Condutor Dormindo;Colisão frontal;Com Vítimas Fatais;Plena Noite;Crescente;Ignorado;Simples;Reta;Não;361041;Caminhonete;FORD/F1000/F1000;1986;Condutor;Lesões Leves;24;Masculino;0;1;0;0;-18,94027306;-47,21904491;SPRF-MG;DEL10-MG;UOP01-DEL10-MG
202525;449006;10/03/2019;domingo;04:30:00;MG;365;578,4;INDIANOPOLIS;Condutor Dormindo;Colisão lateral;Com Vítimas Feridas;Plena Noite;Decrescente;Nublado;Simples;"Declive;Reta";Não;361002;Automóvel;GM/CELTA 4P LIFE/CELTA 4P LIFE;2007;Passageiro;Lesões Leves;29;Masculino;0;1;0;0;-18,87849115;-47,94047448;SPRF-MG;DEL15-MG;UOP02-DEL15-MG
202525;449007;10/03/2019;domingo;04:30:00;MG;365;578,4;INDIANOPOLIS;Condutor Dormindo;Colisão lateral;Com Vítimas Feridas;Plena Noite;Decrescente;Nublado;Simples;"Declive;Reta";Não;361002;Automóvel;GM/CELTA 4P LIFE/CELTA 4P LIFE;2007;Condutor;Lesões Graves;26;Masculino;0;0;1;0;-18,87849115;-47,94047448;SPRF-MG;DEL15-MG;UOP02-DEL15-MG
202585;449221;11/04/2019;quinta-feira;12:00:00;MG;365;584;ARAGUARI;Falta de Atenção à Condução;Colisão transversal;Com Vítimas Feridas;Pleno dia;Crescente;Nublado;Simples;Reta;Não;361139;Automóvel;FIAT/UNO MILLE ECONOMY/UNO MILLE ECONOMY;2011;Condutor;Lesões Leves;33;Masculino;0;1;0;0;-18,8675148;-47,99334198;SPRF-MG;DEL15-MG;UOP02-DEL15-MG
202585;449228;11/04/2019;quinta-feira;12:00:00;MG;365;584;ARAGUARI;Falta de Atenção à Condução;Colisão transversal;Com Vítimas Feridas;Pleno dia;Crescente;Nublado;Simples;Reta;Não;361142;Automóvel;VW/GOL CL 1.6 MI/GOL CL 1.6 MI;1996;Condutor;Ileso;52;Masculino;1;0;0;0;-18,8675148;-47,99334198;SPRF-MG;DEL15-MG;UOP02-DEL15-MG
202585;449230;11/04/2019;quinta-feira;12:00:00;MG;365;584;ARAGUARI;Falta de Atenção à Condução;Colisão transversal;Com Vítimas Feridas;Pleno dia;Crescente;Nublado;Simples;Reta;Não;361142;Automóvel;VW/GOL CL 1.6 MI/GOL CL 1.6 MI;1996;Passageiro;Lesões Leves;0;Masculino;0;1;0;0;-18,8675148;-47,99334198;SPRF-MG;DEL15-MG;UOP02-DEL15-MG
202923;452357;12/04/2019;sexta-feira;23:15:00;MG;365;611;UBERLANDIA;Falta de Atenção à Condução;Capotamento;Com Vítimas Feridas;Plena Noite;Decrescente;Céu Claro;Dupla;Reta;Sim;361706;Automóvel;I/VW SPACEFOX/VW SPACEFOX;2008;Passageiro;Lesões Leves;22;Feminino;0;1;0;0;-18,92793854;-48,19198317;SPRF-MG;DEL15-MG;UOP01-DEL15-MG
202923;452359;12/04/2019;sexta-feira;23:15:00;MG;365;611;UBERLANDIA;Falta de Atenção à Condução;Capotamento;Com Vítimas Feridas;Plena Noite;Decrescente;Céu Claro;Dupla;Reta;Sim;361706;Automóvel;I/VW SPACEFOX/VW SPACEFOX;2008;Passageiro;Lesões Leves;19;Masculino;0;1;0;0;-18,92793854;-48,19198317;SPRF-MG;DEL15-MG;UOP01-DEL15-MG
202923;452352;12/04/2019;sexta-feira;23:15:00;MG;365;611;UBERLANDIA;Falta de Atenção à Condução;Capotamento;Com Vítimas Feridas;Plena Noite;Decrescente;Céu Claro;Dupla;Reta;Sim;361706;Automóvel;I/VW SPACEFOX/VW SPACEFOX;2008;Condutor;Lesões Leves;20;Masculino;0;1;0;0;-18,92793854;-48,19198317;SPRF-MG;DEL15-MG;UOP01-DEL15-MG
202961;449959;06/04/2019;sábado;00:30:00;MG;365;613;UBERLANDIA;Agressão Externa;Saída de leito carroçável;Com Vítimas Feridas;Plena Noite;Decrescente;Céu Claro;Simples;Reta;Sim;361790;Motocicleta;HONDA/CG 125 FAN KS/CG 125 FAN KS;2013;Condutor;Lesões Graves;0;Feminino;0;0;1;0;-18,92660051;-48,19547653;SPRF-MG;DEL15-MG;UOP01-DEL15-MG
202961;449969;06/04/2019;sábado;00:30:00;MG;365;613;UBERLANDIA;Agressão Externa;Saída de leito carroçável;Com Vítimas Feridas;Plena Noite;Decrescente;Céu Claro;Simples;Reta;Sim;361798;Automóvel;FIAT/UNO/UNO;0;Condutor;Não Informado;0;Não Informado;0;0;0;0;-18,92660051;-48,19547653;SPRF-MG;DEL15-MG;UOP01-DEL15-MG
204305;453211;19/04/2019;sexta-feira;11:50:00;MG;365;651;UBERLANDIA;Falta de Atenção à Condução;Colisão traseira;Com Vítimas Feridas;Pleno dia;Crescente;Céu Claro;Dupla;Reta;Não;364302;Automóvel;GM/CORSA WIND/CORSA WIND;1996;Condutor;Ileso;30;Masculino;1;0;0;0;-18,86755464;-48,56819793;SPRF-MG;DEL15-MG;UOP01-DEL15-MG
204305;453212;19/04/2019;sexta-feira;11:50:00;MG;365;651;UBERLANDIA;Falta de Atenção à Condução;Colisão traseira;Com Vítimas Feridas;Pleno dia;Crescente;Céu Claro;Dupla;Reta;Não;364302;Automóvel;GM/CORSA WIND/CORSA WIND;1996;Passageiro;Lesões Leves;44;Masculino;0;1;0;0;-18,86755464;-48,56819793;SPRF-MG;DEL15-MG;UOP01-DEL15-MG
204306;453195;19/04/2019;sexta-feira;12:00:00;MG;365;566;INDIANOPOLIS;Falta de Atenção à Condução;Colisão frontal;Com Vítimas Fatais;Pleno dia;Crescente;Céu Claro;Simples;Reta;Não;364313;Automóvel;HONDA/FIT EX/FIT EX;2008;Condutor;Lesões Graves;30;Feminino;0;0;1;0;-18,91639564;-47,84482105;SPRF-MG;DEL15-MG;UOP02-DEL15-MG
204306;453198;19/04/2019;sexta-feira;12:00:00;MG;365;566;INDIANOPOLIS;Falta de Atenção à Condução;Colisão frontal;Com Vítimas Fatais;Pleno dia;Crescente;Céu Claro;Simples;Reta;Não;364313;Automóvel;HONDA/FIT EX/FIT EX;2008;Passageiro;Lesões Graves;31;Masculino;0;0;1;0;-18,91639564;-47,84482105;SPRF-MG;DEL15-MG;UOP02-DEL15-MG
204306;453189;19/04/2019;sexta-feira;12:00:00;MG;365;566;INDIANOPOLIS;Falta de Atenção à Condução;Colisão frontal;Com Vítimas Fatais;Pleno dia;Crescente;Céu Claro;Simples;Reta;Não;364312;Automóvel;TOYOTA/ETIOS HB X/ETIOS HB X;2013;Condutor;Óbito;40;Masculino;0;0;0;1;-18,91639564;-47,84482105;SPRF-MG;DEL15-MG;UOP02-DEL15-MG
204525;453645;20/04/2019;sábado;19:55:00;MG;365;627;UBERLANDIA;Falta de Atenção à Condução;Colisão traseira;Sem Vítimas;Plena Noite;Crescente;Céu Claro;Dupla;Curva;Sim;364678;Automóvel;VW/FOX 1.0 GII/FOX 1.0 GII;2013;Condutor;Ileso;31;Feminino;1;0;0;0;-18,90359335;-48,34361612;SPRF-MG;DEL15-MG;UOP01-DEL15-MG
204525;453646;20/04/2019;sábado;19:55:00;MG;365;627;UBERLANDIA;Falta de Atenção à Condução;Colisão traseira;Sem Vítimas;Plena Noite;Crescente;Céu Claro;Dupla;Curva;Sim;364679;Camioneta;I/LR DISCOVERY 3 V6/LR DISCOVERY 3 V6;2006;Condutor;Ileso;34;Masculino;1;0;0;0;-18,90359335;-48,34361612;SPRF-MG;DEL15-MG;UOP01-DEL15-MG
204612;455294;21/04/2019;domingo;02:00:00;MG;365;449,7;PATROCINIO;Falta de Atenção à Condução;Colisão transversal;Com Vítimas Feridas;Plena Noite;Crescente;Céu Claro;Simples;Reta;Não;365902;Caminhonete;CHEVROLET/S10 LTZ FD2/S10 LTZ FD2;2014;Condutor;Ileso;45;Masculino;1;0;0;0;-18,83084564;-46,81816006;SPRF-MG;DEL10-MG;UOP01-DEL10-MG
204612;455295;21/04/2019;domingo;02:00:00;MG;365;449,7;PATROCINIO;Falta de Atenção à Condução;Colisão transversal;Com Vítimas Feridas;Plena Noite;Crescente;Céu Claro;Simples;Reta;Não;365902;Caminhonete;CHEVROLET/S10 LTZ FD2/S10 LTZ FD2;2014;Passageiro;Ileso;40;Feminino;1;0;0;0;-18,83084564;-46,81816006;SPRF-MG;DEL10-MG;UOP01-DEL10-MG
204612;455269;21/04/2019;domingo;02:00:00;MG;365;449,7;PATROCINIO;Falta de Atenção à Condução;Colisão transversal;Com Vítimas Feridas;Plena Noite;Crescente;Céu Claro;Simples;Reta;Não;364760;Caminhonete;CHEVROLET/S10 LT DD4A/S10 LT DD4A;2017;Passageiro;Lesões Leves;53;Feminino;0;1;0;0;-18,83084564;-46,81816006;SPRF-MG;DEL10-MG;UOP01-DEL10-MG
204612;455289;21/04/2019;domingo;02:00:00;MG;365;449,7;PATROCINIO;Falta de Atenção à Condução;Colisão transversal;Com Vítimas Feridas;Plena Noite;Crescente;Céu Claro;Simples;Reta;Não;364760;Caminhonete;CHEVROLET/S10 LT DD4A/S10 LT DD4A;2017;Passageiro;Ileso;15;Feminino;1;0;0;0;-18,83084564;-46,81816006;SPRF-MG;DEL10-MG;UOP01-DEL10-MG
204612;455290;21/04/2019;domingo;02:00:00;MG;365;449,7;PATROCINIO;Falta de Atenção à Condução;Colisão transversal;Com Vítimas Feridas;Plena Noite;Crescente;Céu Claro;Simples;Reta;Não;364760;Caminhonete;CHEVROLET/S10 LT DD4A/S10 LT DD4A;2017;Passageiro;Ileso;22;Masculino;1;0;0;0;-18,83084564;-46,81816006;SPRF-MG;DEL10-MG;UOP01-DEL10-MG
204612;455268;21/04/2019;domingo;02:00:00;MG;365;449,7;PATROCINIO;Falta de Atenção à Condução;Colisão transversal;Com Vítimas Feridas;Plena Noite;Crescente;Céu Claro;Simples;Reta;Não;364760;Caminhonete;CHEVROLET/S10 LT DD4A/S10 LT DD4A;2017;Condutor;Ileso;57;Masculino;1;0;0;0;-18,83084564;-46,81816006;SPRF-MG;DEL10-MG;UOP01-DEL10-MG
204633;456080;21/04/2019;domingo;09:20:00;MG;365;653;UBERLANDIA;Falta de Atenção à Condução;Queda de ocupante de veículo;Com Vítimas Feridas;Pleno dia;Crescente;Céu Claro;Dupla;Reta;Não;364833;Bicicleta;Não Informado/Não Informado/Não Informado;0;Condutor;Lesões Leves;16;Masculino;0;1;0;0;-18,8644387;-48,58686002;SPRF-MG;DEL15-MG;UOP01-DEL15-MG
205056;454686;22/04/2019;segunda-feira;21:30:00;MG;365;623;UBERLANDIA;Pista Escorregadia;Saída de leito carroçável;Com Vítimas Feridas;Pleno dia;Decrescente;Chuva;Dupla;Curva;Sim;365549;Caminhonete;FIAT/STRADA HD WK CC E/STRADA HD WK CC E;2017;Condutor;Lesões Leves;39;Masculino;0;1;0;0;-18,9100325;-48,30694985;SPRF-MG;DEL15-MG;UOP01-DEL15-MG
205152;455016;23/04/2019;terça-feira;13:45:00;MG;365;622,9;UBERLANDIA;Não guardar distância de segurança;Colisão traseira;Com Vítimas Feridas;Pleno dia;Decrescente;Nublado;Múltipla;Reta;Sim;365743;Automóvel;VW/NOVO GOL 1.0/NOVO GOL 1.0;2013;Condutor;Ileso;64;Masculino;1;0;0;0;-18,90751667;-48,29937209;SPRF-MG;DEL15-MG;UOP01-DEL15-MG
205152;455017;23/04/2019;terça-feira;13:45:00;MG;365;622,9;UBERLANDIA;Não guardar distância de segurança;Colisão traseira;Com Vítimas Feridas;Pleno dia;Decrescente;Nublado;Múltipla;Reta;Sim;365744;Motoneta;HONDA/PCX 150/PCX 150;2017;Condutor;Lesões Leves;23;Masculino;0;1;0;0;-18,90751667;-48,29937209;SPRF-MG;DEL15-MG;UOP01-DEL15-MG
205153;456385;23/04/2019;terça-feira;13:50:00;MG;365;664;MONTE ALEGRE DE MINAS;Velocidade Incompatível;Saída de leito carroçável;Com Vítimas Feridas;Pleno dia;Crescente;Sol;Dupla;Curva;Não;365781;Automóvel;VW/NOVO VOYAGE TL MBV/NOVO VOYAGE TL MBV;2018;Condutor;Lesões Leves;52;Masculino;0;1;0;0;-18,8918476;-48,67960311;SPRF-MG;DEL15-MG;UOP01-DEL15-MG
205311;458832;27/03/2019;quarta-feira;15:55:00;MG;365;619;UBERLANDIA;Falta de Atenção à Condução;Colisão traseira;Sem Vítimas;Pleno dia;Crescente;Céu Claro;Dupla;Interseção de Vias;Sim;368727;Automóvel;HONDA/FIT EX CVT/FIT EX CVT;0;Condutor;Não Informado;0;Não Informado;0;0;0;0;-18,88502642;-48,26480091;SPRF-MG;DEL15-MG;UOP01-DEL15-MG
205668;457924;26/04/2019;sexta-feira;13:50:00;MG;365;671;MONTE ALEGRE DE MINAS;Falta de Atenção à Condução;Saída de leito carroçável;Com Vítimas Feridas;Pleno dia;Crescente;Sol;Dupla;Reta;Não;366691;Automóvel;VW/FOX 1.6 PRIME GII/FOX 1.6 PRIME GII;2010;Condutor;Lesões Graves;43;Feminino;0;0;1;0;-18,88677;-48,71975;SPRF-MG;DEL15-MG;UOP01-DEL15-MG
205690;456394;26/04/2019;sexta-feira;13:15:00;MG;365;464;PATROCINIO;Defeito Mecânico no Veículo;Colisão traseira;Com Vítimas Feridas;Pleno dia;Crescente;Céu Claro;Simples;Aclive;Não;366735;Automóvel;FIAT/MOBI WAY/MOBI WAY;2018;Condutor;Ileso;27;Feminino;1;0;0;0;-18,89425188;-46,94298207;SPRF-MG;DEL10-MG;UOP01-DEL10-MG
205690;456397;26/04/2019;sexta-feira;13:15:00;MG;365;464;PATROCINIO;Defeito Mecânico no Veículo;Colisão traseira;Com Vítimas Feridas;Pleno dia;Crescente;Céu Claro;Simples;Aclive;Não;366735;Automóvel;FIAT/MOBI WAY/MOBI WAY;2018;Passageiro;Ileso;31;Masculino;1;0;0;0;-18,89425188;-46,94298207;SPRF-MG;DEL10-MG;UOP01-DEL10-MG
205690;456399;26/04/2019;sexta-feira;13:15:00;MG;365;464;PATROCINIO;Defeito Mecânico no Veículo;Colisão traseira;Com Vítimas Feridas;Pleno dia;Crescente;Céu Claro;Simples;Aclive;Não;366736;Automóvel;IMP/VW GOL SPECIAL/VW GOL SPECIAL;1998;Passageiro;Ileso;79;Masculino;1;0;0;0;-18,89425188;-46,94298207;SPRF-MG;DEL10-MG;UOP01-DEL10-MG
205690;456396;26/04/2019;sexta-feira;13:15:00;MG;365;464;PATROCINIO;Defeito Mecânico no Veículo;Colisão traseira;Com Vítimas Feridas;Pleno dia;Crescente;Céu Claro;Simples;Aclive;Não;366736;Automóvel;IMP/VW GOL SPECIAL/VW GOL SPECIAL;1998;Condutor;Ileso;35;Masculino;1;0;0;0;-18,89425188;-46,94298207;SPRF-MG;DEL10-MG;UOP01-DEL10-MG
205690;456398;26/04/2019;sexta-feira;13:15:00;MG;365;464;PATROCINIO;Defeito Mecânico no Veículo;Colisão traseira;Com Vítimas Feridas;Pleno dia;Crescente;Céu Claro;Simples;Aclive;Não;366736;Automóvel;IMP/VW GOL SPECIAL/VW GOL SPECIAL;1998;Passageiro;Lesões Leves;68;Feminino;0;1;0;0;-18,89425188;-46,94298207;SPRF-MG;DEL10-MG;UOP01-DEL10-MG
205842;456698;27/04/2019;sábado;07:30:00;MG;365;695;MONTE ALEGRE DE MINAS;Condutor Dormindo;Capotamento;Com Vítimas Feridas;Pleno dia;Decrescente;Céu Claro;Dupla;Reta;Não;367000;Caminhonete;FIAT/STRADA WK CC E/STRADA WK CC E;2016;Condutor;Lesões Graves;30;Masculino;0;0;1;0;-18,87838133;-48,95058799;SPRF-MG;DEL15-MG;UOP03-DEL15-MG
206083;457214;28/04/2019;domingo;09:50:00;MG;365;599;ARAGUARI;Agressão Externa;Saída de leito carroçável;Com Vítimas Feridas;Pleno dia;Crescente;Sol;Simples;Reta;Não;367455;Micro-ônibus;PEUGEOT/BOXER M33OM HDI/BOXER M33OM HDI;2008;Condutor;Ileso;27;Masculino;1;0;0;0;-18,88997892;-48,12177605;SPRF-MG;DEL15-MG;UOP01-DEL15-MG
206083;457225;28/04/2019;domingo;09:50:00;MG;365;599;ARAGUARI;Agressão Externa;Saída de leito carroçável;Com Vítimas Feridas;Pleno dia;Crescente;Sol;Simples;Reta;Não;367455;Micro-ônibus;PEUGEOT/BOXER M33OM HDI/BOXER M33OM HDI;2008;Passageiro;Lesões Leves;20;Feminino;0;1;0;0;-18,88997892;-48,12177605;SPRF-MG;DEL15-MG;UOP01-DEL15-MG
206083;457226;28/04/2019;domingo;09:50:00;MG;365;599;ARAGUARI;Agressão Externa;Saída de leito carroçável;Com Vítimas Feridas;Pleno dia;Crescente;Sol;Simples;Reta;Não;367455;Micro-ônibus;PEUGEOT/BOXER M33OM HDI/BOXER M33OM HDI;2008;Passageiro;Lesões Leves;20;Feminino;0;1;0;0;-18,88997892;-48,12177605;SPRF-MG;DEL15-MG;UOP01-DEL15-MG