id;pesid;data_inversa;dia_semana;horario;uf;br;km;municipio;causa_acidente;tipo_acidente;classificacao_acidente;fase_dia;sentido_via;condicao_metereologica;tipo_pista;tracado_via;uso_solo;id_veiculo;tipo_veiculo;marca;ano_fabricacao_veiculo;tipo_envolvido;estado_fisico;idade;sexo;ilesos;feridos_leves;feridos_graves;mortos;latitude;longitude;regional;delegacia;uop
215600;478407;14/06/2019;sexta-feira;13:47:00;MG;365;624,6;UBERLANDIA;Defeito Mecânico no Veículo;Colisão traseira;Com Vítimas Feridas;Pleno dia;Decrescente;Céu Claro;Dupla;Reta;Não;384647;Automóvel;HONDA/CIVIC EXS FLEX/CIVIC EXS FLEX;2009;Condutor;Ileso;47;Masculino;1;0;0;0;-18,90502207;-48,29289589;SPRF-MG;DEL15-MG;UOP01-DEL15-MG
215600;478410;14/06/2019;sexta-feira;13:47:00;MG;365;624,6;UBERLANDIA;Defeito Mecânico no Veículo;Colisão traseira;Com Vítimas Feridas;Pleno dia;Decrescente;Céu Claro;Dupla;Reta;Não;384649;Motocicleta;HONDA/CG 160 START/CG 160 START;2018;Condutor;Lesões Leves;32;Masculino;0;1;0;0;-18,90502207;-48,29289589;SPRF-MG;DEL15-MG;UOP01-DEL15-MG
215820;478796;31/05/2019;sexta-feira;23:40:00;MG;365;682,3;MONTE ALEGRE DE MINAS;Falta de Atenção à Condução;Colisão lateral;Com Vítimas Feridas;Plena Noite;Crescente;Céu Claro;Dupla;Reta;Não;384981;Automóvel;I/RENAULT FLUENCE DYN20M/RENAULT FLUENCE DYN20M;2015;Passageiro;Lesões Leves;38;Masculino;0;1;0;0;-18,85061244;-48,83796296;SPRF-MG;DEL15-MG;UOP01-DEL15-MG
215820;478797;31/05/2019;sexta-feira;23:40:00;MG;365;682,3;MONTE ALEGRE DE MINAS;Falta de Atenção à Condução;Colisão lateral;Com Vítimas Feridas;Plena Noite;Crescente;Céu Claro;Dupla;Reta;Não;384981;Automóvel;I/RENAULT FLUENCE DYN20M/RENAULT FLUENCE DYN20M;2015;Condutor;Ileso;62;Masculino;1;0;0;0;-18,85061244;-48,83796296;SPRF-MG;DEL15-MG;UOP01-DEL15-MG
215821;480842;15/06/2019;sábado;14:00:00;MG;365;670;MONTE ALEGRE DE MINAS;Não guardar distância de segurança;Saída de leito carroçável;Com Vítimas Feridas;Pleno dia;Crescente;Sol;Dupla;Reta;Não;385073;Automóvel;VW/CROSSFOX/CROSSFOX;2007;Condutor;Ileso;46;Masculino;1;0;0;0;-18,88405862;-48,73542988;SPRF-MG;DEL15-MG;UOP01-DEL15-MG
215821;480891;15/06/2019;sábado;14:00:00;MG;365;670;MONTE ALEGRE DE MINAS;Não guardar distância de segurança;Saída de leito carroçável;Com Vítimas Feridas;Pleno dia;Crescente;Sol;Dupla;Reta;Não;385073;Automóvel;VW/CROSSFOX/CROSSFOX;2007;Passageiro;Lesões Leves;54;Masculino;0;1;0;0;-18,88405862;-48,73542988;SPRF-MG;DEL15-MG;UOP01-DEL15-MG
215821;480890;15/06/2019;sábado;14:00:00;MG;365;670;MONTE ALEGRE DE MINAS;Não guardar distância de segurança;Saída de leito carroçável;Com Vítimas Feridas;Pleno dia;Crescente;Sol;Dupla;Reta;Não;385073;Automóvel;VW/CROSSFOX/CROSSFOX;2007;Passageiro;Lesões Leves;73;Feminino;0;1;0;0;-18,88405862;-48,73542988;SPRF-MG;DEL15-MG;UOP01-DEL15-MG
216097;479598;16/06/2019;domingo;16:30:00;MG;365;603;MONTE ALEGRE DE MINAS;Agressão Externa;Saída de leito carroçável;Com Vítimas Feridas;Pleno dia;Crescente;Céu Claro;Dupla;Reta;Não;385638;Automóvel;I/CHEVROLET AGILE LTZ/CHEVROLET AGILE LTZ;2010;Passageiro;Lesões Leves;73;Feminino;0;1;0;0;-18,87617045;-48,89351998;SPRF-MG;DEL15-MG;UOP01-DEL15-MG
216097;479596;16/06/2019;domingo;16:30:00;MG;365;603;MONTE ALEGRE DE MINAS;Agressão Externa;Saída de leito carroçável;Com Vítimas Feridas;Pleno dia;Crescente;Céu Claro;Dupla;Reta;Não;385638;Automóvel;I/CHEVROLET AGILE LTZ/CHEVROLET AGILE LTZ;2010;Condutor;Lesões Leves;65;Masculino;0;1;0;0;-18,87617045;-48,89351998;SPRF-MG;DEL15-MG;UOP01-DEL15-MG
216256;479790;17/06/2019;segunda-feira;08:15:00;MG;365;688;MONTE ALEGRE DE MINAS;Animais na Pista;Saída de leito carroçável;Com Vítimas Feridas;Pleno dia;Crescente;Céu Claro;Dupla;Reta;Não;385804;Caminhonete;VW/NOVA SAVEIRO CS/NOVA SAVEIRO CS;2013;Condutor;Lesões Leves;25;Masculino;0;1;0;0;-18,87623321;-48,88400401;SPRF-MG;DEL15-MG;UOP03-DEL15-MG
216791;484078;19/06/2019;quarta-feira;20:15:00;MG;365;690,2;MONTE ALEGRE DE MINAS;Desobediência às normas de trânsito pelo pedestre;Atropelamento de Pedestre;Com Vítimas Feridas;Plena Noite;Decrescente;Céu Claro;Dupla;Curva;Sim;386889;Automóvel;VW/VOYAGE 1.6L MB5/VOYAGE 1.6L MB5;2019;Condutor;Ileso;36;Masculino;1;0;0;0;-18,87653733;-48,90301499;SPRF-MG;DEL15-MG;UOP03-DEL15-MG
216791;484082;19/06/2019;quarta-feira;20:15:00;MG;365;690,2;MONTE ALEGRE DE MINAS;Desobediência às normas de trânsito pelo pedestre;Atropelamento de Pedestre;Com Vítimas Feridas;Plena Noite;Decrescente;Céu Claro;Dupla;Curva;Sim;0;NA;NA/NA/NA;0;Pedestre;Lesões Leves;60;Feminino;0;1;0;0;-18,87653733;-48,90301499;SPRF-MG;DEL15-MG;UOP03-DEL15-MG
216848;481730;20/06/2019;quinta-feira;06:45:00;MG;365;621,1;UBERLANDIA;Condutor Dormindo;Colisão traseira;Com Vítimas Feridas;Pleno dia;Decrescente;Céu Claro;Dupla;"Curva;Aclive";Sim;0;NA;NA/NA/NA;0;Testemunha;Não Informado;0;Não Informado;0;0;0;0;-18,89326492;-48,27164121;SPRF-MG;DEL15-MG;UOP01-DEL15-MG
217498;485678;23/06/2019;domingo;16:15:00;MG;365;585;ARAGUARI;Desobediência às normas de trânsito pelo condutor;Colisão frontal;Com Vítimas Feridas;Pleno dia;Crescente;Céu Claro;Simples;Reta;Não;388265;Automóvel;GM/ASTRA HB 4P ADVANTAGE/ASTRA HB 4P ADVANTAGE;2006;Passageiro;Lesões Graves;23;Feminino;0;0;1;0;-18,8664164;-48,00295805;SPRF-MG;DEL15-MG;UOP02-DEL15-MG
217498;485698;23/06/2019;domingo;16:15:00;MG;365;585;ARAGUARI;Desobediência às normas de trânsito pelo condutor;Colisão frontal;Com Vítimas Feridas;Pleno dia;Crescente;Céu Claro;Simples;Reta;Não;388265;Automóvel;GM/ASTRA HB 4P ADVANTAGE/ASTRA HB 4P ADVANTAGE;2006;Passageiro;Lesões Graves;22;Feminino;0;0;1;0;-18,8664164;-48,00295805;SPRF-MG;DEL15-MG;UOP02-DEL15-MG
217498;485677;23/06/2019;domingo;16:15:00;MG;365;585;ARAGUARI;Desobediência às normas de trânsito pelo condutor;Colisão frontal;Com Vítimas Feridas;Pleno dia;Crescente;Céu Claro;Simples;Reta;Não;388265;Automóvel;GM/ASTRA HB 4P ADVANTAGE/ASTRA HB 4P ADVANTAGE;2006;Condutor;Lesões Leves;25;Masculino;0;1;0;0;-18,8664164;-48,00295805;SPRF-MG;DEL15-MG;UOP02-DEL15-MG
217498;485701;23/06/2019;domingo;16:15:00;MG;365;585;ARAGUARI;Desobediência às normas de trânsito pelo condutor;Colisão frontal;Com Vítimas Feridas;Pleno dia;Crescente;Céu Claro;Simples;Reta;Não;388266;Automóvel;VW/VOYAGE 1.6/VOYAGE 1.6;2011;Passageiro;Lesões Graves;44;Feminino;0;0;1;0;-18,8664164;-48,00295805;SPRF-MG;DEL15-MG;UOP02-DEL15-MG
217498;485704;23/06/2019;domingo;16:15:00;MG;365;585;ARAGUARI;Desobediência às normas de trânsito pelo condutor;Colisão frontal;Com Vítimas Feridas;Pleno dia;Crescente;Céu Claro;Simples;Reta;Não;388266;Automóvel;VW/VOYAGE 1.6/VOYAGE 1.6;2011;Passageiro;Lesões Graves;12;Feminino;0;0;1;0;-18,8664164;-48,00295805;SPRF-MG;DEL15-MG;UOP02-DEL15-MG
217498;485699;23/06/2019;domingo;16:15:00;MG;365;585;ARAGUARI;Desobediência às normas de trânsito pelo condutor;Colisão frontal;Com Vítimas Feridas;Pleno dia;Crescente;Céu Claro;Simples;Reta;Não;388266;Automóvel;VW/VOYAGE 1.6/VOYAGE 1.6;2011;Condutor;Lesões Graves;44;Masculino;0;0;1;0;-18,8664164;-48,00295805;SPRF-MG;DEL15-MG;UOP02-DEL15-MG
217603;484996;23/06/2019;domingo;22:50:00;MG;365;443;GUIMARANIA;Falta de Atenção à Condução;Colisão traseira;Com Vítimas Feridas;Plena Noite;Decrescente;Céu Claro;Simples;Curva;Não;388320;Automóvel;FIAT/PALIO EDX/PALIO EDX;1997;Condutor;Ileso;28;Masculino;1;0;0;0;-18,80862317;-46,76863982;SPRF-MG;DEL10-MG;UOP01-DEL10-MG
217603;485004;23/06/2019;domingo;22:50:00;MG;365;443;GUIMARANIA;Falta de Atenção à Condução;Colisão traseira;Com Vítimas Feridas;Plena Noite;Decrescente;Céu Claro;Simples;Curva;Não;388321;Automóvel;FIAT/PALIO WK ADVEN FLEX/PALIO WK ADVEN FLEX;2008;Passageiro;Lesões Leves;8;Feminino;0;1;0;0;-18,80862317;-46,76863982;SPRF-MG;DEL10-MG;UOP01-DEL10-MG
217603;485005;23/06/2019;domingo;22:50:00;MG;365;443;GUIMARANIA;Falta de Atenção à Condução;Colisão traseira;Com Vítimas Feridas;Plena Noite;Decrescente;Céu Claro;Simples;Curva;Não;388321;Automóvel;FIAT/PALIO WK ADVEN FLEX/PALIO WK ADVEN FLEX;2008;Passageiro;Lesões Leves;26;Masculino;0;1;0;0;-18,80862317;-46,76863982;SPRF-MG;DEL10-MG;UOP01-DEL10-MG
217603;484999;23/06/2019;domingo;22:50:00;MG;365;443;GUIMARANIA;Falta de Atenção à Condução;Colisão traseira;Com Vítimas Feridas;Plena Noite;Decrescente;Céu Claro;Simples;Curva;Não;388321;Automóvel;FIAT/PALIO WK ADVEN FLEX/PALIO WK ADVEN FLEX;2008;Condutor;Ileso;27;Masculino;1;0;0;0;-18,80862317;-46,76863982;SPRF-MG;DEL10-MG;UOP01-DEL10-MG
217674;483242;24/06/2019;segunda-feira;08:28:00;MG;365;650,7;UBERLANDIA;Defeito Mecânico no Veículo;Queda de ocupante de veículo;Com Vítimas Feridas;Pleno dia;Crescente;Céu Claro;Dupla;"Reta;Aclive";Não;388478;Motocicleta;HONDA/CG 150 TITAN KS/CG 150 TITAN KS;2008;Condutor;Ileso;37;Masculino;1;0;0;0;-18,86933815;-48,55889003;SPRF-MG;DEL15-MG;UOP01-DEL15-MG
217674;483243;24/06/2019;segunda-feira;08:28:00;MG;365;650,7;UBERLANDIA;Defeito Mecânico no Veículo;Queda de ocupante de veículo;Com Vítimas Feridas;Pleno dia;Crescente;Céu Claro;Dupla;"Reta;Aclive";Não;388478;Motocicleta;HONDA/CG 150 TITAN KS/CG 150 TITAN KS;2008;Passageiro;Lesões Leves;33;Masculino;0;1;0;0;-18,86933815;-48,55889003;SPRF-MG;DEL15-MG;UOP01-DEL15-MG
218298;485060;27/06/2019;quinta-feira;09:15:00;MG;365;615;UBERLANDIA;Falta de Atenção à Condução;Colisão traseira;Com Vítimas Feridas;Pleno dia;Crescente;Sol;Dupla;Reta;Não;389639;Automóvel;FIAT/ELBA CSL/ELBA CSL;1991;Passageiro;Lesões Leves;29;Masculino;0;1;0;0;-18,884602;-48,26594;SPRF-MG;DEL15-MG;UOP01-DEL15-MG
218298;485058;27/06/2019;quinta-feira;09:15:00;MG;365;615;UBERLANDIA;Falta de Atenção à Condução;Colisão traseira;Com Vítimas Feridas;Pleno dia;Crescente;Sol;Dupla;Reta;Não;389639;Automóvel;FIAT/ELBA CSL/ELBA CSL;1991;Condutor;Lesões Leves;40;Masculino;0;1;0;0;-18,884602;-48,26594;SPRF-MG;DEL15-MG;UOP01-DEL15-MG
218298;485061;27/06/2019;quinta-feira;09:15:00;MG;365;615;UBERLANDIA;Falta de Atenção à Condução;Colisão traseira;Com Vítimas Feridas;Pleno dia;Crescente;Sol;Dupla;Reta;Não;389639;Automóvel;FIAT/ELBA CSL/ELBA CSL;1991;Passageiro;Lesões Leves;19;Feminino;0;1;0;0;-18,884602;-48,26594;SPRF-MG;DEL15-MG;UOP01-DEL15-MG
218298;485059;27/06/2019;quinta-feira;09:15:00;MG;365;615;UBERLANDIA;Falta de Atenção à Condução;Colisão traseira;Com Vítimas Feridas;Pleno dia;Crescente;Sol;Dupla;Reta;Não;389639;Automóvel;FIAT/ELBA CSL/ELBA CSL;1991;Passageiro;Lesões Leves;27;Masculino;0;1;0;0;-18,884602;-48,26594;SPRF-MG;DEL15-MG;UOP01-DEL15-MG
218298;485063;27/06/2019;quinta-feira;09:15:00;MG;365;615;UBERLANDIA;Falta de Atenção à Condução;Colisão traseira;Com Vítimas Feridas;Pleno dia;Crescente;Sol;Dupla;Reta;Não;389640;Camioneta;JEEP/RENEGADE SPORT AT/RENEGADE SPORT AT;2015;Condutor;Ileso;28;Masculino;1;0;0;0;-18,884602;-48,26594;SPRF-MG;DEL15-MG;UOP01-DEL15-MG
218471;485130;30/05/2019;quinta-feira;08:30:00;MG;365;751;ITUIUTABA;Falta de Atenção à Condução;Colisão traseira;Com Vítimas Feridas;Pleno dia;Crescente;Céu Claro;Simples;Declive;Não;389962;Automóvel;RENAULT/LOGAN AUTH 10/LOGAN AUTH 10;2018;Condutor;Lesões Leves;33;Feminino;0;1;0;0;-18,93793339;-49,43876589;SPRF-MG;DEL15-MG;UOP03-DEL15-MG
218709;485714;29/06/2019;sábado;07:45:00;MG;365;619,2;UBERLANDIA;Velocidade Incompatível;Colisão traseira;Sem Vítimas;Pleno dia;Crescente;Sol;Múltipla;"Declive;Reta";Sim;390456;Automóvel;FIAT/STILO FLEX/STILO FLEX;2005;Condutor;Não Informado;0;Não Informado;0;0;0;0;-18,89926195;-48,27319804;SPRF-MG;DEL15-MG;UOP01-DEL15-MG
218709;485715;29/06/2019;sábado;07:45:00;MG;365;619,2;UBERLANDIA;Velocidade Incompatível;Colisão traseira;Sem Vítimas;Pleno dia;Crescente;Sol;Múltipla;"Declive;Reta";Sim;390457;Caminhonete;FIAT/FIORINO 1.4 FLEX/FIORINO 1.4 FLEX;2018;Condutor;Ileso;47;Masculino;1;0;0;0;-18,89926195;-48,27319804;SPRF-MG;DEL15-MG;UOP01-DEL15-MG
218723;485683;29/06/2019;sábado;09:15:00;MG;365;611;UBERLANDIA;Falta de Atenção à Condução;Queda de ocupante de veículo;Com Vítimas Feridas;Pleno dia;Decrescente;Céu Claro;Dupla;Reta;Sim;390446;Bicicleta;Não Informado/Não Informado/Não Informado;0;Condutor;Lesões Leves;40;Masculino;0;1;0;0;-18,92793854;-48,19198317;SPRF-MG;DEL15-MG;UOP01-DEL15-MG
218723;485682;29/06/2019;sábado;09:15:00;MG;365;611;UBERLANDIA;Falta de Atenção à Condução;Queda de ocupante de veículo;Com Vítimas Feridas;Pleno dia;Decrescente;Céu Claro;Dupla;Reta;Sim;390445;Automóvel;FIAT/PALIO EDX/PALIO EDX;1997;Condutor;Ileso;34;Feminino;1;0;0;0;-18,92793854;-48,19198317;SPRF-MG;DEL15-MG;UOP01-DEL15-MG
219392;487357;02/07/2019;terça-feira;07:30:00;MG;365;617;UBERLANDIA;Falta de Atenção à Condução;Engavetamento;Com Vítimas Feridas;Pleno dia;Crescente;Céu Claro;Dupla;Declive;Sim;391725;Automóvel;FORD/KA SE 1.0 HA C/KA SE 1.0 HA C;2018;Condutor;Ileso;32;Masculino;1;0;0;0;-18,89416694;-48,25021505;SPRF-MG;DEL15-MG;UOP01-DEL15-MG
219392;487359;02/07/2019;terça-feira;07:30:00;MG;365;617;UBERLANDIA;Falta de Atenção à Condução;Engavetamento;Com Vítimas Feridas;Pleno dia;Crescente;Céu Claro;Dupla;Declive;Sim;391726;Caminhonete;FIAT/STRADA HD WK CC E/STRADA HD WK CC E;2018;Condutor;Ileso;44;Masculino;1;0;0;0;-18,89416694;-48,25021505;SPRF-MG;DEL15-MG;UOP01-DEL15-MG
219392;487361;02/07/2019;terça-feira;07:30:00;MG;365;617;UBERLANDIA;Falta de Atenção à Condução;Engavetamento;Com Vítimas Feridas;Pleno dia;Crescente;Céu Claro;Dupla;Declive;Sim;391727;Automóvel;TOYOTA/ETIOS SD XS 15 AT/ETIOS SD XS 15 AT;2016;Condutor;Lesões Leves;34;Masculino;0;1;0;0;-18,89416694;-48,25021505;SPRF-MG;DEL15-MG;UOP01-DEL15-MG
219392;487363;02/07/2019;terça-feira;07:30:00;MG;365;617;UBERLANDIA;Falta de Atenção à Condução;Engavetamento;Com Vítimas Feridas;Pleno dia;Crescente;Céu Claro;Dupla;Declive;Sim;391728;Automóvel;HONDA/CIVIC LXR/CIVIC LXR;2013;Condutor;Ileso;28;Masculino;1;0;0;0;-18,89416694;-48,25021505;SPRF-MG;DEL15-MG;UOP01-DEL15-MG
219392;487364;02/07/2019;terça-feira;07:30:00;MG;365;617;UBERLANDIA;Falta de Atenção à Condução;Engavetamento;Com Vítimas Feridas;Pleno dia;Crescente;Céu Claro;Dupla;Declive;Sim;391729;Automóvel;VW/FOX 1.0/FOX 1.0;2007;Condutor;Ileso;35;Feminino;1;0;0;0;-18,89416694;-48,25021505;SPRF-MG;DEL15-MG;UOP01-DEL15-MG
219464;487392;02/07/2019;terça-feira;15:00:00;MG;365;612;UBERLANDIA;Falta de Atenção à Condução;Colisão traseira;Sem Vítimas;Pleno dia;Crescente;Céu Claro;Dupla;Reta;Não;391775;Automóvel;VW/NOVO GOL TL MBV/NOVO GOL TL MBV;2018;Condutor;Ileso;27;Feminino;1;0;0;0;-18,90027966;-48,23979888;SPRF-MG;DEL15-MG;UOP01-DEL15-MG
219464;487394;02/07/2019;terça-feira;15:00:00;MG;365;612;UBERLANDIA;Falta de Atenção à Condução;Colisão traseira;Sem Vítimas;Pleno dia;Crescente;Céu Claro;Dupla;Reta;Não;0;NA;NA/NA/NA;0;Testemunha;Não Informado;0;Não Informado;0;0;0;0;-18,90027966;-48,23979888;SPRF-MG;DEL15-MG;UOP01-DEL15-MG
219878;490052;04/07/2019;quinta-feira;21:00:00;MG;365;473,7;PATROCINIO;Falta de Atenção do Pedestre;Atropelamento de Pedestre;Com Vítimas Feridas;Plena Noite;Crescente;Céu Claro;Simples;Reta;Não;392485;Motocicleta;HONDA/CG 150 TITAN EX/CG 150 TITAN EX;2013;Condutor;Lesões Graves;30;Masculino;0;0;1;0;-18,92253379;-47,01519781;SPRF-MG;DEL10-MG;UOP01-DEL10-MG
219878;490053;04/07/2019;quinta-feira;21:00:00;MG;365;473,7;PATROCINIO;Falta de Atenção do Pedestre;Atropelamento de Pedestre;Com Vítimas Feridas;Plena Noite;Crescente;Céu Claro;Simples;Reta;Não;0;NA;NA/NA/NA;0;Pedestre;Lesões Graves;44;Masculino;0;0;1;0;-18,92253379;-47,01519781;SPRF-MG;DEL10-MG;UOP01-DEL10-MG
219881;490170;04/07/2019;quinta-feira;20:00:00;MG;365;461;PATROCINIO;Falta de Atenção à Condução;Colisão frontal;Sem Vítimas;Pleno dia;Crescente;Céu Claro;Simples;Interseção de Vias;Não;393978;Automóvel;FIAT/PALIO EX/PALIO EX;1998;Condutor;Não Informado;0;Não Informado;0;0;0;0;-18,87025197;-46,90171503;SPRF-MG;DEL10-MG;UOP01-DEL10-MG
220855;492195;08/07/2019;segunda-feira;23:00:00;MG;365;613,8;UBERLANDIA;Falta de Atenção à Condução;Atropelamento de Pedestre;Com Vítimas Feridas;Plena Noite;Crescente;Céu Claro;Simples;Reta;Sim;394240;Motocicleta;HONDA/CG 150 FAN ESI/CG 150 FAN ESI;2010;Condutor;Lesões Graves;36;Masculino;0;0;1;0;-18,884602;-48,26594;SPRF-MG;DEL15-MG;UOP01-DEL15-MG
220855;492197;08/07/2019;segunda-feira;23:00:00;MG;365;613,8;UBERLANDIA;Falta de Atenção à Condução;Atropelamento de Pedestre;Com Vítimas Feridas;Plena Noite;Crescente;Céu Claro;Simples;Reta;Sim;0;NA;NA/NA/NA;0;Pedestre;Lesões Graves;0;Masculino;0;0;1;0;-18,884602;-48,26594;SPRF-MG;DEL15-MG;UOP01-DEL15-MG
220968;490759;30/05/2019;quinta-feira;06:50:00;MG;365;630;UBERLANDIA;Desobediência às normas de trânsito pelo pedestre;Atropelamento de Pedestre;Com Vítimas Feridas;Amanhecer;Decrescente;Céu Claro;Dupla;Rotatória;Sim;394425;Caminhonete;MMC/L200 OUTDOOR/L200 OUTDOOR;2008;Condutor;Ileso;56;Masculino;1;0;0;0;-18,90602936;-48,320117;SPRF-MG;DEL15-MG;UOP01-DEL15-MG
220968;490760;30/05/2019;quinta-feira;06:50:00;MG;365;630;UBERLANDIA;Desobediência às normas de trânsito pelo pedestre;Atropelamento de Pedestre;Com Vítimas Feridas;Amanhecer;Decrescente;Céu Claro;Dupla;Rotatória;Sim;0;NA;NA/NA/NA;0;Pedestre;Lesões Graves;0;Masculino;0;0;1;0;-18,90602936;-48,320117;SPRF-MG;DEL15-MG;UOP01-DEL15-MG
221128;492568;10/07/2019;quarta-feira;11:45:00;MG;365;625;UBERLANDIA;Pista Escorregadia;Queda de ocupante de veículo;Sem Vítimas;Pleno dia;Crescente;Céu Claro;Dupla;Curva;Sim;394871;Motocicleta;HONDA/CG 125 TITAN/CG 125 TITAN;1997;Condutor;Ileso;27;Masculino;1;0;0;0;-18,90585472;-48,32526001;SPRF-MG;DEL15-MG;UOP01-DEL15-MG
221444;493773;11/07/2019;quinta-feira;21:45:00;MG;365;520,7;MONTE CARMELO;Não guardar distância de segurança;Colisão traseira;Com Vítimas Feridas;Plena Noite;Decrescente;Céu Claro;Simples;Reta;Não;395437;Automóvel;FIAT/UNO MILLE FIRE FLEX/UNO MILLE FIRE FLEX;2007;Condutor;Lesões Leves;67;Masculino;0;1;0;0;-18,91586;-47,39521;SPRF-MG;DEL10-MG;UOP01-DEL10-MG
221780;492774;13/07/2019;sábado;12:00:00;MG;365;495;PATROCINIO;Velocidade Incompatível;Saída de leito carroçável;Com Vítimas Fatais;Pleno dia;Crescente;Céu Claro;Simples;Curva;Não;396050;Caminhonete;GM/MONTANA CONQUEST/MONTANA CONQUEST;2010;Condutor;Óbito;36;Masculino;0;0;0;1;-18,917469;-47,203773;SPRF-MG;DEL10-MG;UOP01-DEL10-MG
221792;494832;13/07/2019;sábado;13:00:00;MG;365;742;ITUIUTABA;Defeito Mecânico no Veículo;Colisão com objeto estático;Com Vítimas Fatais;Pleno dia;Crescente;Céu Claro;Simples;Ponte;Não;0;NA;NA/NA/NA;0;Testemunha;Não Informado;0;Não Informado;0;0;0;0;-18,92045773;-49,41898027;SPRF-MG;DEL15-MG;UOP03-DEL15-MG
222215;496069;15/07/2019;segunda-feira;08:10:00;MG;365;627;UBERLANDIA;Falta de Atenção à Condução;Colisão traseira;Com Vítimas Feridas;Pleno dia;Decrescente;Sol;Dupla;Reta;Sim;396846;Motocicleta;HONDA/CG 150 FAN ESI/CG 150 FAN ESI;2011;Passageiro;Lesões Leves;18;Feminino;0;1;0;0;-18,91051;-48,30551;SPRF-MG;DEL15-MG;UOP01-DEL15-MG
222215;496068;15/07/2019;segunda-feira;08:10:00;MG;365;627;UBERLANDIA;Falta de Atenção à Condução;Colisão traseira;Com Vítimas Feridas;Pleno dia;Decrescente;Sol;Dupla;Reta;Sim;396846;Motocicleta;HONDA/CG 150 FAN ESI/CG 150 FAN ESI;2011;Condutor;Lesões Leves;18;Masculino;0;1;0;0;-18,91051;-48,30551;SPRF-MG;DEL15-MG;UOP01-DEL15-MG
222215;496070;15/07/2019;segunda-feira;08:10:00;MG;365;627;UBERLANDIA;Falta de Atenção à Condução;Colisão traseira;Com Vítimas Feridas;Pleno dia;Decrescente;Sol;Dupla;Reta;Sim;396847;Caminhonete;I/VW AMAROK CD 4X4 HIGH/VW AMAROK CD 4X4 HIGH;2018;Condutor;Ileso;43;Masculino;1;0;0;0;-18,91051;-48,30551;SPRF-MG;DEL15-MG;UOP01-DEL15-MG
222588;494758;17/07/2019;quarta-feira;08:20:00;MG;365;618,9;UBERLANDIA;Avarias e/ou desgaste excessivo no pneu;Colisão traseira;Com Vítimas Feridas;Amanhecer;Crescente;Céu Claro;Simples;Reta;Sim;397499;Motocicleta;HONDA/CG 150 FAN ESI/CG 150 FAN ESI;2011;Condutor;Lesões Leves;61;Masculino;0;1;0;0;-18,89096479;-48,27070632;SPRF-MG;DEL15-MG;UOP01-DEL15-MG
222856;495450;18/07/2019;quinta-feira;16:40:00;MG;365;678;MONTE ALEGRE DE MINAS;Falta de Atenção à Condução;Colisão traseira;Com Vítimas Feridas;Pleno dia;Crescente;Céu Claro;Dupla;Reta;Não;398017;Caminhonete;FIAT/STRADA FIRE FLEX/STRADA FIRE FLEX;2005;Condutor;Lesões Leves;40;Masculino;0;1;0;0;-18,8509065;-48,80033095;SPRF-MG;DEL15-MG;UOP01-DEL15-MG
222856;495456;18/07/2019;quinta-feira;16:40:00;MG;365;678;MONTE ALEGRE DE MINAS;Falta de Atenção à Condução;Colisão traseira;Com Vítimas Feridas;Pleno dia;Crescente;Céu Claro;Dupla;Reta;Não;398018;Caminhonete;I/FORD RANGER XLTCD4A32C/FORD RANGER XLTCD4A32C;2016;Condutor;Ileso;57;Masculino;1;0;0;0;-18,8509065;-48,80033095;SPRF-MG;DEL15-MG;UOP01-DEL15-MG
222856;495459;18/07/2019;quinta-feira;16:40:00;MG;365;678;MONTE ALEGRE DE MINAS;Falta de Atenção à Condução;Colisão traseira;Com Vítimas Feridas;Pleno dia;Crescente;Céu Claro;Dupla;Reta;Não;0;NA;NA/NA/NA;0;Testemunha;Não Informado;0;Não Informado;0;0;0;0;-18,8509065;-48,80033095;SPRF-MG;DEL15-MG;UOP01-DEL15-MG
223127;497842;19/07/2019;sexta-feira;19:00:00;MG;365;689;MONTE ALEGRE DE MINAS;Falta de Atenção do Pedestre;Atropelamento de Pedestre;Com Vítimas Feridas;Plena Noite;Decrescente;Céu Claro;Dupla;Reta;Não;398566;Automóvel;VW/VIRTUS AF/VIRTUS AF;2019;Condutor;Ileso;57;Masculino;1;0;0;0;-18,87617045;-48,89351998;SPRF-MG;DEL15-MG;UOP03-DEL15-MG