id;pesid;data_inversa;dia_semana;horario;uf;br;km;municipio;causa_acidente;tipo_acidente;classificacao_acidente;fase_dia;sentido_via;condicao_metereologica;tipo_pista;tracado_via;uso_solo;id_veiculo;tipo_veiculo;marca;ano_fabricacao_veiculo;tipo_envolvido;estado_fisico;idade;sexo;ilesos;feridos_leves;feridos_graves;mortos;latitude;longitude;regional;delegacia;uop
227114;505096;06/08/2019;terça-feira;22:10:00;MG;365;626;UBERLANDIA;Falta de Atenção do Pedestre;Atropelamento de Pedestre;Com Vítimas Feridas;Plena Noite;Crescente;Céu Claro;Dupla;Reta;Sim;405689;Utilitário;I/JAG FPACE 20TD PRESTIG/JAG FPACE 20TD PRESTIG;2018;Condutor;Ileso;44;Masculino;1;0;0;0;-18,90659356;-48,33469405;SPRF-MG;DEL15-MG;UOP01-DEL15-MG
227114;507176;06/08/2019;terça-feira;22:10:00;MG;365;626;UBERLANDIA;Falta de Atenção do Pedestre;Atropelamento de Pedestre;Com Vítimas Feridas;Plena Noite;Crescente;Céu Claro;Dupla;Reta;Sim;405689;Utilitário;I/JAG FPACE 20TD PRESTIG/JAG FPACE 20TD PRESTIG;2018;Passageiro;Ileso;35;Feminino;1;0;0;0;-18,90659356;-48,33469405;SPRF-MG;DEL15-MG;UOP01-DEL15-MG
227114;505097;06/08/2019;terça-feira;22:10:00;MG;365;626;UBERLANDIA;Falta de Atenção do Pedestre;Atropelamento de Pedestre;Com Vítimas Feridas;Plena Noite;Crescente;Céu Claro;Dupla;Reta;Sim;0;NA;NA/NA/NA;0;Pedestre;Lesões Graves;30;Masculino;0;0;1;0;-18,90659356;-48,33469405;SPRF-MG;DEL15-MG;UOP01-DEL15-MG
227172;505240;07/08/2019;quarta-feira;07:50:00;MG;365;622;UBERLANDIA;Não guardar distância de segurança;Colisão traseira;Com Vítimas Feridas;Pleno dia;Decrescente;Céu Claro;Múltipla;Reta;Sim;405822;Motocicleta;HONDA/CG 150 FAN ESI/CG 150 FAN ESI;2011;Condutor;Lesões Leves;22;Masculino;0;1;0;0;-18,90751667;-48,29937209;SPRF-MG;DEL15-MG;UOP01-DEL15-MG
227172;505242;07/08/2019;quarta-feira;07:50:00;MG;365;622;UBERLANDIA;Não guardar distância de segurança;Colisão traseira;Com Vítimas Feridas;Pleno dia;Decrescente;Céu Claro;Múltipla;Reta;Sim;405823;Automóvel;FIAT/UNO MILLE FIRE FLEX/UNO MILLE FIRE FLEX;2008;Condutor;Ileso;31;Feminino;1;0;0;0;-18,90751667;-48,29937209;SPRF-MG;DEL15-MG;UOP01-DEL15-MG
227577;506323;09/08/2019;sexta-feira;09:10:00;MG;365;467;PATROCINIO;Falta de Atenção à Condução;Colisão traseira;Com Vítimas Feridas;Pleno dia;Crescente;Céu Claro;Simples;Reta;Não;406696;Automóvel;VW/GOL TL MB S/GOL TL MB S;2014;Condutor;Ileso;40;Feminino;1;0;0;0;-18,90856613;-46,96707288;SPRF-MG;DEL10-MG;UOP01-DEL10-MG
227577;506324;09/08/2019;sexta-feira;09:10:00;MG;365;467;PATROCINIO;Falta de Atenção à Condução;Colisão traseira;Com Vítimas Feridas;Pleno dia;Crescente;Céu Claro;Simples;Reta;Não;406696;Automóvel;VW/GOL TL MB S/GOL TL MB S;2014;Passageiro;Lesões Leves;32;Feminino;0;1;0;0;-18,90856613;-46,96707288;SPRF-MG;DEL10-MG;UOP01-DEL10-MG
227577;506325;09/08/2019;sexta-feira;09:10:00;MG;365;467;PATROCINIO;Falta de Atenção à Condução;Colisão traseira;Com Vítimas Feridas;Pleno dia;Crescente;Céu Claro;Simples;Reta;Não;406696;Automóvel;VW/GOL TL MB S/GOL TL MB S;2014;Passageiro;Lesões Leves;1;Masculino;0;1;0;0;-18,90856613;-46,96707288;SPRF-MG;DEL10-MG;UOP01-DEL10-MG
227655;506350;09/08/2019;sexta-feira;16:15:00;MG;365;626;UBERLANDIA;Agressão Externa;Colisão traseira;Com Vítimas Feridas;Pleno dia;Crescente;Céu Claro;Dupla;Reta;Não;406723;Motocicleta;HONDA/CG 125 FAN KS/CG 125 FAN KS;2012;Condutor;Lesões Graves;34;Masculino;0;0;1;0;-18,90659356;-48,33469405;SPRF-MG;DEL15-MG;UOP01-DEL15-MG
227662;506377;09/08/2019;sexta-feira;15:20:00;MG;365;620,5;UBERLANDIA;Desobediência às normas de trânsito pelo condutor;Colisão transversal;Com Vítimas Feridas;Pleno dia;Decrescente;Sol;Dupla;Interseção de Vias;Sim;406749;Automóvel;FIAT/UNO S 1.5/UNO S 1.5;1993;Condutor;Ileso;38;Masculino;1;0;0;0;-18,89563019;-48,2714428;SPRF-MG;DEL15-MG;UOP01-DEL15-MG
227662;506376;09/08/2019;sexta-feira;15:20:00;MG;365;620,5;UBERLANDIA;Desobediência às normas de trânsito pelo condutor;Colisão transversal;Com Vítimas Feridas;Pleno dia;Decrescente;Sol;Dupla;Interseção de Vias;Sim;406748;Motocicleta;TRIUMPH BONNEVILLE T120//;2018;Condutor;Lesões Graves;65;Masculino;0;0;1;0;-18,89563019;-48,2714428;SPRF-MG;DEL15-MG;UOP01-DEL15-MG
227849;506659;09/07/2019;terça-feira;13:10:00;MG;365;486;PATROCINIO;Ultrapassagem Indevida;Saída de leito carroçável;Com Vítimas Feridas;Pleno dia;Crescente;Céu Claro;Simples;Interseção de Vias;Não;407029;Automóvel;FIAT/UNO WAY 1.0/UNO WAY 1.0;2011;Condutor;Lesões Graves;29;Feminino;0;0;1;0;-18,89867612;-47,12259197;SPRF-MG;DEL10-MG;UOP01-DEL10-MG
227950;508198;10/08/2019;sábado;18:00:00;MG;365;614;UBERLANDIA;Desobediência às normas de trânsito pelo condutor;Colisão traseira;Sem Vítimas;Anoitecer;Decrescente;Céu Claro;Simples;Reta;Sim;407252;Caminhonete;FORD/PAMPA 1.8 L/PAMPA 1.8 L;1992;Condutor;Ileso;36;Masculino;1;0;0;0;-18,91294074;-48,21856039;SPRF-MG;DEL15-MG;UOP01-DEL15-MG
227950;508203;10/08/2019;sábado;18:00:00;MG;365;614;UBERLANDIA;Desobediência às normas de trânsito pelo condutor;Colisão traseira;Sem Vítimas;Anoitecer;Decrescente;Céu Claro;Simples;Reta;Sim;407253;Automóvel;GM/CORSA CLASSIC/CORSA CLASSIC;2003;Condutor;Ileso;37;Masculino;1;0;0;0;-18,91294074;-48,21856039;SPRF-MG;DEL15-MG;UOP01-DEL15-MG
227996;506960;10/08/2019;sábado;23:00:00;MG;365;606;UBERLANDIA;Defeito Mecânico no Veículo;Engavetamento;Com Vítimas Feridas;Plena Noite;Crescente;Céu Claro;Simples;Reta;Não;407289;Automóvel;HONDA/FIT LX CVT/FIT LX CVT;2017;Condutor;Ileso;38;Masculino;1;0;0;0;-18,91688593;-48,17707923;SPRF-MG;DEL15-MG;UOP01-DEL15-MG
227996;506962;10/08/2019;sábado;23:00:00;MG;365;606;UBERLANDIA;Defeito Mecânico no Veículo;Engavetamento;Com Vítimas Feridas;Plena Noite;Crescente;Céu Claro;Simples;Reta;Não;407290;Automóvel;VW/GOLF/GOLF;2001;Condutor;Ileso;42;Masculino;1;0;0;0;-18,91688593;-48,17707923;SPRF-MG;DEL15-MG;UOP01-DEL15-MG
227996;506963;10/08/2019;sábado;23:00:00;MG;365;606;UBERLANDIA;Defeito Mecânico no Veículo;Engavetamento;Com Vítimas Feridas;Plena Noite;Crescente;Céu Claro;Simples;Reta;Não;407291;Automóvel;HONDA/CIVIC LXL FLEX/CIVIC LXL FLEX;2011;Condutor;Ileso;36;Masculino;1;0;0;0;-18,91688593;-48,17707923;SPRF-MG;DEL15-MG;UOP01-DEL15-MG
227996;506965;10/08/2019;sábado;23:00:00;MG;365;606;UBERLANDIA;Defeito Mecânico no Veículo;Engavetamento;Com Vítimas Feridas;Plena Noite;Crescente;Céu Claro;Simples;Reta;Não;407292;Automóvel;RENAULT/SANDERO EXP 16/SANDERO EXP 16;2011;Condutor;Ileso;54;Masculino;1;0;0;0;-18,91688593;-48,17707923;SPRF-MG;DEL15-MG;UOP01-DEL15-MG
227996;506966;10/08/2019;sábado;23:00:00;MG;365;606;UBERLANDIA;Defeito Mecânico no Veículo;Engavetamento;Com Vítimas Feridas;Plena Noite;Crescente;Céu Claro;Simples;Reta;Não;407293;Motocicleta;HONDA/XRE 300/XRE 300;2014;Condutor;Ileso;35;Masculino;1;0;0;0;-18,91688593;-48,17707923;SPRF-MG;DEL15-MG;UOP01-DEL15-MG
227996;506967;10/08/2019;sábado;23:00:00;MG;365;606;UBERLANDIA;Defeito Mecânico no Veículo;Engavetamento;Com Vítimas Feridas;Plena Noite;Crescente;Céu Claro;Simples;Reta;Não;407293;Motocicleta;HONDA/XRE 300/XRE 300;2014;Passageiro;Lesões Leves;28;Feminino;0;1;0;0;-18,91688593;-48,17707923;SPRF-MG;DEL15-MG;UOP01-DEL15-MG
228006;507045;10/08/2019;sábado;20:00:00;MG;365;514;MONTE CARMELO;Falta de Atenção à Condução;Colisão lateral;Com Vítimas Feridas;Plena Noite;Decrescente;Céu Claro;Simples;Reta;Não;407269;Automóvel;FORD/FIESTA/FIESTA;2005;Passageiro;Lesões Leves;42;Feminino;0;1;0;0;-18,91673189;-47,34974694;SPRF-MG;DEL10-MG;UOP01-DEL10-MG
228006;507043;10/08/2019;sábado;20:00:00;MG;365;514;MONTE CARMELO;Falta de Atenção à Condução;Colisão lateral;Com Vítimas Feridas;Plena Noite;Decrescente;Céu Claro;Simples;Reta;Não;407269;Automóvel;FORD/FIESTA/FIESTA;2005;Passageiro;Lesões Graves;3;Feminino;0;0;1;0;-18,91673189;-47,34974694;SPRF-MG;DEL10-MG;UOP01-DEL10-MG
228006;507040;10/08/2019;sábado;20:00:00;MG;365;514;MONTE CARMELO;Falta de Atenção à Condução;Colisão lateral;Com Vítimas Feridas;Plena Noite;Decrescente;Céu Claro;Simples;Reta;Não;407269;Automóvel;FORD/FIESTA/FIESTA;2005;Passageiro;Lesões Leves;42;Masculino;0;1;0;0;-18,91673189;-47,34974694;SPRF-MG;DEL10-MG;UOP01-DEL10-MG
228006;507041;10/08/2019;sábado;20:00:00;MG;365;514;MONTE CARMELO;Falta de Atenção à Condução;Colisão lateral;Com Vítimas Feridas;Plena Noite;Decrescente;Céu Claro;Simples;Reta;Não;407269;Automóvel;FORD/FIESTA/FIESTA;2005;Passageiro;Lesões Graves;40;Feminino;0;0;1;0;-18,91673189;-47,34974694;SPRF-MG;DEL10-MG;UOP01-DEL10-MG
228006;507038;10/08/2019;sábado;20:00:00;MG;365;514;MONTE CARMELO;Falta de Atenção à Condução;Colisão lateral;Com Vítimas Feridas;Plena Noite;Decrescente;Céu Claro;Simples;Reta;Não;407269;Automóvel;FORD/FIESTA/FIESTA;2005;Condutor;Lesões Graves;36;Feminino;0;0;1;0;-18,91673189;-47,34974694;SPRF-MG;DEL10-MG;UOP01-DEL10-MG
228006;507048;10/08/2019;sábado;20:00:00;MG;365;514;MONTE CARMELO;Falta de Atenção à Condução;Colisão lateral;Com Vítimas Feridas;Plena Noite;Decrescente;Céu Claro;Simples;Reta;Não;407270;Automóvel;VW/CROSSFOX GII/CROSSFOX GII;2013;Condutor;Lesões Leves;59;Masculino;0;1;0;0;-18,91673189;-47,34974694;SPRF-MG;DEL10-MG;UOP01-DEL10-MG
228006;507050;10/08/2019;sábado;20:00:00;MG;365;514;MONTE CARMELO;Falta de Atenção à Condução;Colisão lateral;Com Vítimas Feridas;Plena Noite;Decrescente;Céu Claro;Simples;Reta;Não;407270;Automóvel;VW/CROSSFOX GII/CROSSFOX GII;2013;Passageiro;Ileso;54;Feminino;1;0;0;0;-18,91673189;-47,34974694;SPRF-MG;DEL10-MG;UOP01-DEL10-MG
228006;507051;10/08/2019;sábado;20:00:00;MG;365;514;MONTE CARMELO;Falta de Atenção à Condução;Colisão lateral;Com Vítimas Feridas;Plena Noite;Decrescente;Céu Claro;Simples;Reta;Não;407270;Automóvel;VW/CROSSFOX GII/CROSSFOX GII;2013;Passageiro;Ileso;76;Feminino;1;0;0;0;-18,91673189;-47,34974694;SPRF-MG;DEL10-MG;UOP01-DEL10-MG
228006;507053;10/08/2019;sábado;20:00:00;MG;365;514;MONTE CARMELO;Falta de Atenção à Condução;Colisão lateral;Com Vítimas Feridas;Plena Noite;Decrescente;Céu Claro;Simples;Reta;Não;407270;Automóvel;VW/CROSSFOX GII/CROSSFOX GII;2013;Passageiro;Ileso;4;Masculino;1;0;0;0;-18,91673189;-47,34974694;SPRF-MG;DEL10-MG;UOP01-DEL10-MG
228011;508724;11/08/2019;domingo;00:20:00;MG;365;705;MONTE ALEGRE DE MINAS;Falta de Atenção à Condução;Queda de ocupante de veículo;Com Vítimas Feridas;Plena Noite;Decrescente;Vento;Dupla;Reta;Não;407310;Motocicleta;HONDA/CG 150 TITAN ES/CG 150 TITAN ES;2006;Condutor;Lesões Graves;21;Masculino;0;0;1;0;-18,88029779;-49,04540696;SPRF-MG;DEL15-MG;UOP03-DEL15-MG
228104;507258;11/08/2019;domingo;10:00:00;MG;365;508,9;PATROCINIO;Falta de Atenção à Condução;Queda de ocupante de veículo;Com Vítimas Feridas;Pleno dia;Decrescente;Sol;Simples;Reta;Não;407514;Motocicleta;HONDA/CBR 600F/CBR 600F;2013;Condutor;Lesões Graves;50;Masculino;0;0;1;0;-18,94192431;-47,2997891;SPRF-MG;DEL10-MG;UOP01-DEL10-MG
228104;507260;11/08/2019;domingo;10:00:00;MG;365;508,9;PATROCINIO;Falta de Atenção à Condução;Queda de ocupante de veículo;Com Vítimas Feridas;Pleno dia;Decrescente;Sol;Simples;Reta;Não;0;NA;NA/NA/NA;0;Testemunha;Não Informado;0;Não Informado;0;0;0;0;-18,94192431;-47,2997891;SPRF-MG;DEL10-MG;UOP01-DEL10-MG
228896;511076;15/08/2019;quinta-feira;14:20:00;MG;365;501;PATROCINIO;Falta de Atenção à Condução;Colisão lateral;Com Vítimas Feridas;Pleno dia;Decrescente;Céu Claro;Simples;"Reta;Aclive";Não;409061;Automóvel;VW/GOL 1.0 CITY/GOL 1.0 CITY;2002;Condutor;Lesões Leves;20;Masculino;0;1;0;0;-18,94645542;-47,22310066;SPRF-MG;DEL10-MG;UOP01-DEL10-MG
228896;511086;15/08/2019;quinta-feira;14:20:00;MG;365;501;PATROCINIO;Falta de Atenção à Condução;Colisão lateral;Com Vítimas Feridas;Pleno dia;Decrescente;Céu Claro;Simples;"Reta;Aclive";Não;409061;Automóvel;VW/GOL 1.0 CITY/GOL 1.0 CITY;2002;Passageiro;Não Informado;0;Não Informado;0;0;0;0;-18,94645542;-47,22310066;SPRF-MG;DEL10-MG;UOP01-DEL10-MG
228896;511082;15/08/2019;quinta-feira;14:20:00;MG;365;501;PATROCINIO;Falta de Atenção à Condução;Colisão lateral;Com Vítimas Feridas;Pleno dia;Decrescente;Céu Claro;Simples;"Reta;Aclive";Não;409061;Automóvel;VW/GOL 1.0 CITY/GOL 1.0 CITY;2002;Passageiro;Lesões Leves;44;Masculino;0;1;0;0;-18,94645542;-47,22310066;SPRF-MG;DEL10-MG;UOP01-DEL10-MG
228896;511083;15/08/2019;quinta-feira;14:20:00;MG;365;501;PATROCINIO;Falta de Atenção à Condução;Colisão lateral;Com Vítimas Feridas;Pleno dia;Decrescente;Céu Claro;Simples;"Reta;Aclive";Não;409061;Automóvel;VW/GOL 1.0 CITY/GOL 1.0 CITY;2002;Passageiro;Lesões Leves;43;Feminino;0;1;0;0;-18,94645542;-47,22310066;SPRF-MG;DEL10-MG;UOP01-DEL10-MG
228896;511077;15/08/2019;quinta-feira;14:20:00;MG;365;501;PATROCINIO;Falta de Atenção à Condução;Colisão lateral;Com Vítimas Feridas;Pleno dia;Decrescente;Céu Claro;Simples;"Reta;Aclive";Não;0;NA;NA/NA/NA;0;Testemunha;Não Informado;0;Não Informado;0;0;0;0;-18,94645542;-47,22310066;SPRF-MG;DEL10-MG;UOP01-DEL10-MG
228901;509414;15/08/2019;quinta-feira;10:05:00;MG;365;712;MONTE ALEGRE DE MINAS;Ultrapassagem Indevida;Colisão frontal;Com Vítimas Feridas;Pleno dia;Crescente;Céu Claro;Simples;Reta;Não;408930;Caminhonete;NISSAN/FRONTIER 4X4 SE/FRONTIER 4X4 SE;2003;Condutor;Ileso;67;Masculino;1;0;0;0;-18,87955453;-49,111501;SPRF-MG;DEL15-MG;UOP03-DEL15-MG
228901;509416;15/08/2019;quinta-feira;10:05:00;MG;365;712;MONTE ALEGRE DE MINAS;Ultrapassagem Indevida;Colisão frontal;Com Vítimas Feridas;Pleno dia;Crescente;Céu Claro;Simples;Reta;Não;408931;Caminhonete;I/VW AMAROK CD 4X4 S/VW AMAROK CD 4X4 S;2012;Condutor;Ileso;25;Masculino;1;0;0;0;-18,87955453;-49,111501;SPRF-MG;DEL15-MG;UOP03-DEL15-MG
228901;509421;15/08/2019;quinta-feira;10:05:00;MG;365;712;MONTE ALEGRE DE MINAS;Ultrapassagem Indevida;Colisão frontal;Com Vítimas Feridas;Pleno dia;Crescente;Céu Claro;Simples;Reta;Não;408931;Caminhonete;I/VW AMAROK CD 4X4 S/VW AMAROK CD 4X4 S;2012;Passageiro;Lesões Leves;16;Feminino;0;1;0;0;-18,87955453;-49,111501;SPRF-MG;DEL15-MG;UOP03-DEL15-MG
228901;509427;15/08/2019;quinta-feira;10:05:00;MG;365;712;MONTE ALEGRE DE MINAS;Ultrapassagem Indevida;Colisão frontal;Com Vítimas Feridas;Pleno dia;Crescente;Céu Claro;Simples;Reta;Não;408931;Caminhonete;I/VW AMAROK CD 4X4 S/VW AMAROK CD 4X4 S;2012;Passageiro;Lesões Leves;23;Feminino;0;1;0;0;-18,87955453;-49,111501;SPRF-MG;DEL15-MG;UOP03-DEL15-MG
228901;509424;15/08/2019;quinta-feira;10:05:00;MG;365;712;MONTE ALEGRE DE MINAS;Ultrapassagem Indevida;Colisão frontal;Com Vítimas Feridas;Pleno dia;Crescente;Céu Claro;Simples;Reta;Não;408931;Caminhonete;I/VW AMAROK CD 4X4 S/VW AMAROK CD 4X4 S;2012;Passageiro;Lesões Leves;30;Feminino;0;1;0;0;-18,87955453;-49,111501;SPRF-MG;DEL15-MG;UOP03-DEL15-MG
228901;509417;15/08/2019;quinta-feira;10:05:00;MG;365;712;MONTE ALEGRE DE MINAS;Ultrapassagem Indevida;Colisão frontal;Com Vítimas Feridas;Pleno dia;Crescente;Céu Claro;Simples;Reta;Não;408931;Caminhonete;I/VW AMAROK CD 4X4 S/VW AMAROK CD 4X4 S;2012;Passageiro;Lesões Leves;42;Feminino;0;1;0;0;-18,87955453;-49,111501;SPRF-MG;DEL15-MG;UOP03-DEL15-MG
229385;512131;17/08/2019;sábado;19:20:00;MG;365;595,8;ARAGUARI;Falta de Atenção à Condução;Colisão frontal;Com Vítimas Feridas;Plena Noite;Crescente;Céu Claro;Simples;Aclive;Não;409966;Automóvel;TOYOTA/COROLLA GLI18 CVT/COROLLA GLI18 CVT;2015;Condutor;Lesões Graves;27;Feminino;0;0;1;0;-18,87365352;-48,08880176;SPRF-MG;DEL15-MG;UOP02-DEL15-MG
229385;512130;17/08/2019;sábado;19:20:00;MG;365;595,8;ARAGUARI;Falta de Atenção à Condução;Colisão frontal;Com Vítimas Feridas;Plena Noite;Crescente;Céu Claro;Simples;Aclive;Não;409965;Automóvel;GM/VECTRA SEDAN ELITE/VECTRA SEDAN ELITE;2007;Passageiro;Lesões Graves;6;Masculino;0;0;1;0;-18,87365352;-48,08880176;SPRF-MG;DEL15-MG;UOP02-DEL15-MG
229385;512126;17/08/2019;sábado;19:20:00;MG;365;595,8;ARAGUARI;Falta de Atenção à Condução;Colisão frontal;Com Vítimas Feridas;Plena Noite;Crescente;Céu Claro;Simples;Aclive;Não;409965;Automóvel;GM/VECTRA SEDAN ELITE/VECTRA SEDAN ELITE;2007;Condutor;Lesões Graves;35;Masculino;0;0;1;0;-18,87365352;-48,08880176;SPRF-MG;DEL15-MG;UOP02-DEL15-MG
229385;512127;17/08/2019;sábado;19:20:00;MG;365;595,8;ARAGUARI;Falta de Atenção à Condução;Colisão frontal;Com Vítimas Feridas;Plena Noite;Crescente;Céu Claro;Simples;Aclive;Não;409965;Automóvel;GM/VECTRA SEDAN ELITE/VECTRA SEDAN ELITE;2007;Passageiro;Lesões Graves;28;Feminino;0;0;1;0;-18,87365352;-48,08880176;SPRF-MG;DEL15-MG;UOP02-DEL15-MG
229385;512128;17/08/2019;sábado;19:20:00;MG;365;595,8;ARAGUARI;Falta de Atenção à Condução;Colisão frontal;Com Vítimas Feridas;Plena Noite;Crescente;Céu Claro;Simples;Aclive;Não;409965;Automóvel;GM/VECTRA SEDAN ELITE/VECTRA SEDAN ELITE;2007;Passageiro;Lesões Graves;11;Masculino;0;0;1;0;-18,87365352;-48,08880176;SPRF-MG;DEL15-MG;UOP02-DEL15-MG
229482;514380;18/08/2019;domingo;04:30:00;MG;365;609;UBERLANDIA;Ingestão de Álcool;Colisão com objeto estático;Sem Vítimas;Plena Noite;Decrescente;Céu Claro;Dupla;Reta;Sim;409967;Automóvel;I/CHEVROLET CLASSIC LS/CHEVROLET CLASSIC LS;2013;Condutor;Ileso;19;Masculino;1;0;0;0;-18,9145078;-48,17442656;SPRF-MG;DEL15-MG;UOP01-DEL15-MG
229729;510927;19/08/2019;segunda-feira;08:05:00;MG;365;613;UBERLANDIA;Falta de Atenção à Condução;Colisão lateral;Com Vítimas Feridas;Pleno dia;Crescente;Céu Claro;Dupla;Reta;Sim;410493;Motocicleta;HONDA/CG 125 TODAY/CG 125 TODAY;1990;Condutor;Lesões Leves;24;Masculino;0;1;0;0;-18,9365511;-48,20667744;SPRF-MG;DEL15-MG;UOP01-DEL15-MG
230359;517771;22/08/2019;quinta-feira;09:50:00;MG;365;432;PATOS DE MINAS;Desobediência às normas de trânsito pelo condutor;Colisão traseira;Com Vítimas Feridas;Pleno dia;Decrescente;Céu Claro;Dupla;Declive;Não;411687;Caminhonete;I/PEUGEOT PARTNER FURG/PEUGEOT PARTNER FURG;2017;Condutor;Lesões Leves;36;Masculino;0;1;0;0;-18,77097792;-46,6805881;SPRF-MG;DEL10-MG;UOP01-DEL10-MG
230619;512916;23/08/2019;sexta-feira;18:22:00;MG;365;624,8;UBERLANDIA;Agressão Externa;Colisão lateral;Com Vítimas Feridas;Plena Noite;Decrescente;Céu Claro;Múltipla;Reta;Sim;412025;Motocicleta;HONDA/CG 125 TITAN KS/CG 125 TITAN KS;2001;Condutor;Lesões Graves;68;Masculino;0;0;1;0;-18,907927;-48,300264;SPRF-MG;DEL15-MG;UOP01-DEL15-MG
230619;514440;23/08/2019;sexta-feira;18:22:00;MG;365;624,8;UBERLANDIA;Agressão Externa;Colisão lateral;Com Vítimas Feridas;Plena Noite;Decrescente;Céu Claro;Múltipla;Reta;Sim;412026;Automóvel;VW/GOL 1.0/GOL 1.0;2005;Condutor;Ileso;0;Masculino;1;0;0;0;-18,907927;-48,300264;SPRF-MG;DEL15-MG;UOP01-DEL15-MG
230671;518968;23/08/2019;sexta-feira;20:00:00;MG;365;613;UBERLANDIA;Falta de Atenção à Condução;Colisão lateral;Sem Vítimas;Plena Noite;Crescente;Céu Claro;Dupla;Reta;Sim;412099;Automóvel;GM/ASTRA HB 4P ADVANTAGE/ASTRA HB 4P ADVANTAGE;2009;Condutor;Ileso;54;Masculino;1;0;0;0;-18,884602;-48,26594;SPRF-MG;DEL15-MG;UOP01-DEL15-MG
230671;518962;23/08/2019;sexta-feira;20:00:00;MG;365;613;UBERLANDIA;Falta de Atenção à Condução;Colisão lateral;Sem Vítimas;Plena Noite;Crescente;Céu Claro;Dupla;Reta;Sim;412100;Automóvel;VW/GOL 1.6 POWER/GOL 1.6 POWER;2009;Condutor;Ileso;64;Masculino;1;0;0;0;-18,884602;-48,26594;SPRF-MG;DEL15-MG;UOP01-DEL15-MG
230671;518965;23/08/2019;sexta-feira;20:00:00;MG;365;613;UBERLANDIA;Falta de Atenção à Condução;Colisão lateral;Sem Vítimas;Plena Noite;Crescente;Céu Claro;Dupla;Reta;Sim;412101;Automóvel;FORD/KA GL/KA GL;2002;Condutor;Não Informado;0;Não Informado;0;0;0;0;-18,884602;-48,26594;SPRF-MG;DEL15-MG;UOP01-DEL15-MG
230671;518986;23/08/2019;sexta-feira;20:00:00;MG;365;613;UBERLANDIA;Falta de Atenção à Condução;Colisão lateral;Sem Vítimas;Plena Noite;Crescente;Céu Claro;Dupla;Reta;Sim;412102;Automóvel;VW/PARATI 1.8/PARATI 1.8;2001;Condutor;Não Informado;0;Não Informado;0;0;0;0;-18,884602;-48,26594;SPRF-MG;DEL15-MG;UOP01-DEL15-MG
231371;514276;11/08/2019;domingo;20:00:00;MG;365;523;MONTE CARMELO;Sinalização da via insuficiente ou inadequada;Saída de leito carroçável;Com Vítimas Feridas;Plena Noite;Decrescente;Céu Claro;Simples;"Interseção de Vias;Reta;Em Obras";Não;413228;Automóvel;VW/GOL MI/GOL MI;1997;Condutor;Lesões Leves;0;Feminino;0;1;0;0;-18,91335837;-47,41856664;SPRF-MG;DEL10-MG;UOP01-DEL10-MG
231371;514278;11/08/2019;domingo;20:00:00;MG;365;523;MONTE CARMELO;Sinalização da via insuficiente ou inadequada;Saída de leito carroçável;Com Vítimas Feridas;Plena Noite;Decrescente;Céu Claro;Simples;"Interseção de Vias;Reta;Em Obras";Não;413228;Automóvel;VW/GOL MI/GOL MI;1997;Passageiro;Lesões Leves;0;Masculino;0;1;0;0;-18,91335837;-47,41856664;SPRF-MG;DEL10-MG;UOP01-DEL10-MG
231371;514280;11/08/2019;domingo;20:00:00;MG;365;523;MONTE CARMELO;Sinalização da via insuficiente ou inadequada;Saída de leito carroçável;Com Vítimas Feridas;Plena Noite;Decrescente;Céu Claro;Simples;"Interseção de Vias;Reta;Em Obras";Não;413228;Automóvel;VW/GOL MI/GOL MI;1997;Passageiro;Lesões Leves;0;Feminino;0;1;0;0;-18,91335837;-47,41856664;SPRF-MG;DEL10-MG;UOP01-DEL10-MG