id;pesid;data_inversa;dia_semana;horario;uf;br;km;municipio;causa_acidente;tipo_acidente;classificacao_acidente;fase_dia;sentido_via;condicao_metereologica;tipo_pista;tracado_via;uso_solo;id_veiculo;tipo_veiculo;marca;ano_fabricacao_veiculo;tipo_envolvido;estado_fisico;idade;sexo;ilesos;feridos_leves;feridos_graves;mortos;latitude;longitude;regional;delegacia;uop
231449;514983;28/08/2019;quarta-feira;10:00:00;MG;365;473;PATROCINIO;Falta de Atenção à Condução;Colisão lateral;Sem Vítimas;Pleno dia;Crescente;Céu Claro;Simples;Curva;Sim;413462;Caminhonete;CHEVROLET/S10 ADV FD2/S10 ADV FD2;2018;Condutor;Ileso;48;Masculino;1;0;0;0;-18,92253379;-47,01519781;SPRF-MG;DEL10-MG;UOP01-DEL10-MG
231449;515029;28/08/2019;quarta-feira;10:00:00;MG;365;473;PATROCINIO;Falta de Atenção à Condução;Colisão lateral;Sem Vítimas;Pleno dia;Crescente;Céu Claro;Simples;Curva;Sim;413462;Caminhonete;CHEVROLET/S10 ADV FD2/S10 ADV FD2;2018;Passageiro;Ileso;39;Masculino;1;0;0;0;-18,92253379;-47,01519781;SPRF-MG;DEL10-MG;UOP01-DEL10-MG
231751;516602;29/08/2019;quinta-feira;19:05:00;MG;365;626,9;UBERLANDIA;Falta de Atenção à Condução;Engavetamento;Com Vítimas Feridas;Plena Noite;Crescente;Céu Claro;Dupla;"Reta;Em Obras";Sim;414033;Camioneta;RENAULT/DUSTER 20 D 4X2A/DUSTER 20 D 4X2A;2013;Condutor;Ileso;40;Masculino;1;0;0;0;-18,90705052;-48,31668648;SPRF-MG;DEL15-MG;UOP01-DEL15-MG
231751;516605;29/08/2019;quinta-feira;19:05:00;MG;365;626,9;UBERLANDIA;Falta de Atenção à Condução;Engavetamento;Com Vítimas Feridas;Plena Noite;Crescente;Céu Claro;Dupla;"Reta;Em Obras";Sim;414034;Motocicleta;HONDA/CG 125 TODAY/CG 125 TODAY;1994;Passageiro;Lesões Leves;48;Feminino;0;1;0;0;-18,90705052;-48,31668648;SPRF-MG;DEL15-MG;UOP01-DEL15-MG
231751;516604;29/08/2019;quinta-feira;19:05:00;MG;365;626,9;UBERLANDIA;Falta de Atenção à Condução;Engavetamento;Com Vítimas Feridas;Plena Noite;Crescente;Céu Claro;Dupla;"Reta;Em Obras";Sim;414034;Motocicleta;HONDA/CG 125 TODAY/CG 125 TODAY;1994;Condutor;Lesões Leves;56;Masculino;0;1;0;0;-18,90705052;-48,31668648;SPRF-MG;DEL15-MG;UOP01-DEL15-MG
231751;516606;29/08/2019;quinta-feira;19:05:00;MG;365;626,9;UBERLANDIA;Falta de Atenção à Condução;Engavetamento;Com Vítimas Feridas;Plena Noite;Crescente;Céu Claro;Dupla;"Reta;Em Obras";Sim;414035;Automóvel;FIAT/PALIO ELX FLEX/PALIO ELX FLEX;2006;Condutor;Ileso;23;Masculino;1;0;0;0;-18,90705052;-48,31668648;SPRF-MG;DEL15-MG;UOP01-DEL15-MG
231952;515914;30/08/2019;sexta-feira;12:40:00;MG;365;623;UBERLANDIA;Falta de Atenção à Condução;Colisão traseira;Com Vítimas Feridas;Pleno dia;Decrescente;Céu Claro;Dupla;Reta;Sim;414532;Motocicleta;HONDA/CG 125 FAN ES/CG 125 FAN ES;2013;Passageiro;Lesões Graves;29;Feminino;0;0;1;0;-18,90466249;-48,28508377;SPRF-MG;DEL15-MG;UOP01-DEL15-MG
231952;515912;30/08/2019;sexta-feira;12:40:00;MG;365;623;UBERLANDIA;Falta de Atenção à Condução;Colisão traseira;Com Vítimas Feridas;Pleno dia;Decrescente;Céu Claro;Dupla;Reta;Sim;414532;Motocicleta;HONDA/CG 125 FAN ES/CG 125 FAN ES;2013;Condutor;Lesões Leves;20;Feminino;0;1;0;0;-18,90466249;-48,28508377;SPRF-MG;DEL15-MG;UOP01-DEL15-MG
231952;515916;30/08/2019;sexta-feira;12:40:00;MG;365;623;UBERLANDIA;Falta de Atenção à Condução;Colisão traseira;Com Vítimas Feridas;Pleno dia;Decrescente;Céu Claro;Dupla;Reta;Sim;414533;Automóvel;VW/NOVO GOL 1.0 CITY/NOVO GOL 1.0 CITY;2014;Condutor;Ileso;47;Feminino;1;0;0;0;-18,90466249;-48,28508377;SPRF-MG;DEL15-MG;UOP01-DEL15-MG
232005;515871;30/08/2019;sexta-feira;16:40:00;MG;365;626;UBERLANDIA;Falta de Atenção à Condução;Engavetamento;Sem Vítimas;Pleno dia;Crescente;Céu Claro;Dupla;"Reta;Aclive";Sim;414500;Automóvel;GM/CELTA 2P LIFE/CELTA 2P LIFE;2006;Condutor;Ileso;29;Masculino;1;0;0;0;-18,90920967;-48,30997467;SPRF-MG;DEL15-MG;UOP01-DEL15-MG
232005;515873;30/08/2019;sexta-feira;16:40:00;MG;365;626;UBERLANDIA;Falta de Atenção à Condução;Engavetamento;Sem Vítimas;Pleno dia;Crescente;Céu Claro;Dupla;"Reta;Aclive";Sim;414502;Automóvel;FIAT/DOBLO ADV 1.8 FLEX/DOBLO ADV 1.8 FLEX;2010;Condutor;Ileso;51;Masculino;1;0;0;0;-18,90920967;-48,30997467;SPRF-MG;DEL15-MG;UOP01-DEL15-MG
232005;515872;30/08/2019;sexta-feira;16:40:00;MG;365;626;UBERLANDIA;Falta de Atenção à Condução;Engavetamento;Sem Vítimas;Pleno dia;Crescente;Céu Claro;Dupla;"Reta;Aclive";Sim;414501;Caminhonete;I/FORD RANGER XLSCD4A22C/FORD RANGER XLSCD4A22C;2018;Condutor;Ileso;35;Masculino;1;0;0;0;-18,90920967;-48,30997467;SPRF-MG;DEL15-MG;UOP01-DEL15-MG
232005;515875;30/08/2019;sexta-feira;16:40:00;MG;365;626;UBERLANDIA;Falta de Atenção à Condução;Engavetamento;Sem Vítimas;Pleno dia;Crescente;Céu Claro;Dupla;"Reta;Aclive";Sim;414503;Caminhonete;I/TOYOTA HILUX CD4X4 SR/TOYOTA HILUX CD4X4 SR;2008;Condutor;Ileso;27;Masculino;1;0;0;0;-18,90920967;-48,30997467;SPRF-MG;DEL15-MG;UOP01-DEL15-MG
232103;516039;30/08/2019;sexta-feira;21:30:00;MG;365;642;UBERLANDIA;Desobediência às normas de trânsito pelo pedestre;Atropelamento de Pedestre;Com Vítimas Feridas;Plena Noite;Crescente;Céu Claro;Dupla;Reta;Sim;414656;Automóvel;CHEVROLET/COBALT 1.4 LTZ/COBALT 1.4 LTZ;2012;Passageiro;Lesões Leves;73;Masculino;0;1;0;0;-18,8823832;-48,48418103;SPRF-MG;DEL15-MG;UOP01-DEL15-MG
232103;516040;30/08/2019;sexta-feira;21:30:00;MG;365;642;UBERLANDIA;Desobediência às normas de trânsito pelo pedestre;Atropelamento de Pedestre;Com Vítimas Feridas;Plena Noite;Crescente;Céu Claro;Dupla;Reta;Sim;414656;Automóvel;CHEVROLET/COBALT 1.4 LTZ/COBALT 1.4 LTZ;2012;Passageiro;Lesões Leves;40;Feminino;0;1;0;0;-18,8823832;-48,48418103;SPRF-MG;DEL15-MG;UOP01-DEL15-MG
232103;516038;30/08/2019;sexta-feira;21:30:00;MG;365;642;UBERLANDIA;Desobediência às normas de trânsito pelo pedestre;Atropelamento de Pedestre;Com Vítimas Feridas;Plena Noite;Crescente;Céu Claro;Dupla;Reta;Sim;414656;Automóvel;CHEVROLET/COBALT 1.4 LTZ/COBALT 1.4 LTZ;2012;Condutor;Ileso;41;Masculino;1;0;0;0;-18,8823832;-48,48418103;SPRF-MG;DEL15-MG;UOP01-DEL15-MG
232103;516042;30/08/2019;sexta-feira;21:30:00;MG;365;642;UBERLANDIA;Desobediência às normas de trânsito pelo pedestre;Atropelamento de Pedestre;Com Vítimas Feridas;Plena Noite;Crescente;Céu Claro;Dupla;Reta;Sim;414656;Automóvel;CHEVROLET/COBALT 1.4 LTZ/COBALT 1.4 LTZ;2012;Passageiro;Lesões Leves;13;Masculino;0;1;0;0;-18,8823832;-48,48418103;SPRF-MG;DEL15-MG;UOP01-DEL15-MG
232103;516044;30/08/2019;sexta-feira;21:30:00;MG;365;642;UBERLANDIA;Desobediência às normas de trânsito pelo pedestre;Atropelamento de Pedestre;Com Vítimas Feridas;Plena Noite;Crescente;Céu Claro;Dupla;Reta;Sim;414663;Automóvel;GM/CLASSIC LIFE/CLASSIC LIFE;2006;Condutor;Lesões Leves;41;Masculino;0;1;0;0;-18,8823832;-48,48418103;SPRF-MG;DEL15-MG;UOP01-DEL15-MG
232103;516045;30/08/2019;sexta-feira;21:30:00;MG;365;642;UBERLANDIA;Desobediência às normas de trânsito pelo pedestre;Atropelamento de Pedestre;Com Vítimas Feridas;Plena Noite;Crescente;Céu Claro;Dupla;Reta;Sim;0;NA;NA/NA/NA;0;Pedestre;Lesões Graves;0;Masculino;0;0;1;0;-18,8823832;-48,48418103;SPRF-MG;DEL15-MG;UOP01-DEL15-MG
232283;516537;31/08/2019;sábado;17:00:00;MG;365;469,8;PATROCINIO;Velocidade Incompatível;Colisão traseira;Com Vítimas Fatais;Pleno dia;Crescente;Céu Claro;Simples;Reta;Não;415111;Automóvel;I/BMW 320I ACTIVE FLEX/BMW 320I ACTIVE FLEX;2013;Passageiro;Lesões Graves;31;Feminino;0;0;1;0;-18,908804;-46,966539;SPRF-MG;DEL10-MG;UOP01-DEL10-MG
232283;516536;31/08/2019;sábado;17:00:00;MG;365;469,8;PATROCINIO;Velocidade Incompatível;Colisão traseira;Com Vítimas Fatais;Pleno dia;Crescente;Céu Claro;Simples;Reta;Não;415111;Automóvel;I/BMW 320I ACTIVE FLEX/BMW 320I ACTIVE FLEX;2013;Condutor;Óbito;44;Masculino;0;0;0;1;-18,908804;-46,966539;SPRF-MG;DEL10-MG;UOP01-DEL10-MG
232283;516540;31/08/2019;sábado;17:00:00;MG;365;469,8;PATROCINIO;Velocidade Incompatível;Colisão traseira;Com Vítimas Fatais;Pleno dia;Crescente;Céu Claro;Simples;Reta;Não;415112;Automóvel;I/CHRYSLER 300C 3.6L V6/CHRYSLER 300C 3.6L V6;2012;Condutor;Ileso;0;Masculino;1;0;0;0;-18,908804;-46,966539;SPRF-MG;DEL10-MG;UOP01-DEL10-MG
232283;516541;31/08/2019;sábado;17:00:00;MG;365;469,8;PATROCINIO;Velocidade Incompatível;Colisão traseira;Com Vítimas Fatais;Pleno dia;Crescente;Céu Claro;Simples;Reta;Não;415112;Automóvel;I/CHRYSLER 300C 3.6L V6/CHRYSLER 300C 3.6L V6;2012;Passageiro;Ileso;0;Feminino;1;0;0;0;-18,908804;-46,966539;SPRF-MG;DEL10-MG;UOP01-DEL10-MG
232283;516543;31/08/2019;sábado;17:00:00;MG;365;469,8;PATROCINIO;Velocidade Incompatível;Colisão traseira;Com Vítimas Fatais;Pleno dia;Crescente;Céu Claro;Simples;Reta;Não;415113;Ônibus;MBENZ/MPOLO PARADISO R/MPOLO PARADISO R;2019;Condutor;Ileso;51;Masculino;1;0;0;0;-18,908804;-46,966539;SPRF-MG;DEL10-MG;UOP01-DEL10-MG
232283;517895;31/08/2019;sábado;17:00:00;MG;365;469,8;PATROCINIO;Velocidade Incompatível;Colisão traseira;Com Vítimas Fatais;Pleno dia;Crescente;Céu Claro;Simples;Reta;Não;415113;Ônibus;MBENZ/MPOLO PARADISO R/MPOLO PARADISO R;2019;Passageiro;Ileso;26;Feminino;1;0;0;0;-18,908804;-46,966539;SPRF-MG;DEL10-MG;UOP01-DEL10-MG
232283;517893;31/08/2019;sábado;17:00:00;MG;365;469,8;PATROCINIO;Velocidade Incompatível;Colisão traseira;Com Vítimas Fatais;Pleno dia;Crescente;Céu Claro;Simples;Reta;Não;415113;Ônibus;MBENZ/MPOLO PARADISO R/MPOLO PARADISO R;2019;Passageiro;Ileso;0;Masculino;1;0;0;0;-18,908804;-46,966539;SPRF-MG;DEL10-MG;UOP01-DEL10-MG
232283;517888;31/08/2019;sábado;17:00:00;MG;365;469,8;PATROCINIO;Velocidade Incompatível;Colisão traseira;Com Vítimas Fatais;Pleno dia;Crescente;Céu Claro;Simples;Reta;Não;415113;Ônibus;MBENZ/MPOLO PARADISO R/MPOLO PARADISO R;2019;Passageiro;Ileso;41;Masculino;1;0;0;0;-18,908804;-46,966539;SPRF-MG;DEL10-MG;UOP01-DEL10-MG
232283;517890;31/08/2019;sábado;17:00:00;MG;365;469,8;PATROCINIO;Velocidade Incompatível;Colisão traseira;Com Vítimas Fatais;Pleno dia;Crescente;Céu Claro;Simples;Reta;Não;415113;Ônibus;MBENZ/MPOLO PARADISO R/MPOLO PARADISO R;2019;Passageiro;Lesões Graves;29;Feminino;0;0;1;0;-18,908804;-46,966539;SPRF-MG;DEL10-MG;UOP01-DEL10-MG
232544;518796;01/09/2019;domingo;17:00:00;MG;365;491,1;PATROCINIO;Defeito Mecânico no Veículo;Capotamento;Com Vítimas Feridas;Pleno dia;Decrescente;Céu Claro;Simples;Reta;Não;415467;Automóvel;VW/GOL 1.6 POWER/GOL 1.6 POWER;2009;Condutor;Lesões Leves;32;Masculino;0;1;0;0;-18,90394117;-47,16911495;SPRF-MG;DEL10-MG;UOP01-DEL10-MG
233137;518538;04/09/2019;quarta-feira;14:20:00;MG;365;622,5;UBERLANDIA;Ingestão de Álcool;Colisão lateral;Com Vítimas Feridas;Pleno dia;Crescente;Céu Claro;Dupla;Reta;Sim;416647;Motocicleta;HONDA/NX 150/NX 150;1990;Condutor;Lesões Leves;56;Masculino;0;1;0;0;-18,90751667;-48,29937209;SPRF-MG;DEL15-MG;UOP01-DEL15-MG
233241;518619;27/08/2019;terça-feira;20:10:00;MG;365;420,7;PATOS DE MINAS;Animais na Pista;Atropelamento de Animal;Com Vítimas Feridas;Plena Noite;Decrescente;Céu Claro;Simples;"Reta;Aclive";Não;416701;Caminhonete;FIAT/STRADA FIRE FLEX/STRADA FIRE FLEX;2008;Condutor;Lesões Leves;0;Masculino;0;1;0;0;-18,694;-46,593;SPRF-MG;DEL10-MG;UOP01-DEL10-MG
233343;518937;05/09/2019;quinta-feira;16:00:00;MG;365;637;UBERLANDIA;Falta de Atenção à Condução;Colisão traseira;Com Vítimas Feridas;Pleno dia;Decrescente;Céu Claro;Dupla;Reta;Não;416895;Automóvel;VW/NOVO GOL 1.6 CITY/NOVO GOL 1.6 CITY;2013;Condutor;Ileso;41;Masculino;1;0;0;0;-18,889801;-48,43735;SPRF-MG;DEL15-MG;UOP01-DEL15-MG
233343;518939;05/09/2019;quinta-feira;16:00:00;MG;365;637;UBERLANDIA;Falta de Atenção à Condução;Colisão traseira;Com Vítimas Feridas;Pleno dia;Decrescente;Céu Claro;Dupla;Reta;Não;416895;Automóvel;VW/NOVO GOL 1.6 CITY/NOVO GOL 1.6 CITY;2013;Passageiro;Lesões Leves;26;Masculino;0;1;0;0;-18,889801;-48,43735;SPRF-MG;DEL15-MG;UOP01-DEL15-MG
233533;519286;06/09/2019;sexta-feira;13:45:00;MG;365;625,6;UBERLANDIA;Desobediência às normas de trânsito pelo condutor;Colisão transversal;Sem Vítimas;Pleno dia;Crescente;Céu Claro;Dupla;Curva;Sim;417280;Automóvel;GM/VECTRA GLS/VECTRA GLS;2000;Condutor;Ileso;61;Masculino;1;0;0;0;-18,91071184;-48,30336571;SPRF-MG;DEL15-MG;UOP01-DEL15-MG
233533;519284;06/09/2019;sexta-feira;13:45:00;MG;365;625,6;UBERLANDIA;Desobediência às normas de trânsito pelo condutor;Colisão transversal;Sem Vítimas;Pleno dia;Crescente;Céu Claro;Dupla;Curva;Sim;417279;Automóvel;GM/VECTRA GLS/VECTRA GLS;1996;Condutor;Ileso;35;Masculino;1;0;0;0;-18,91071184;-48,30336571;SPRF-MG;DEL15-MG;UOP01-DEL15-MG
233912;519944;07/09/2019;sábado;19:30:00;MG;365;621;UBERLANDIA;Sinalização da via insuficiente ou inadequada;Colisão com objeto estático;Sem Vítimas;Plena Noite;Crescente;Céu Claro;Dupla;Desvio Temporário;Sim;417923;Automóvel;I/GM CORSA SUPER W/GM CORSA SUPER W;2000;Condutor;Não Informado;0;Não Informado;0;0;0;0;-18,9048022;-48,29052803;SPRF-MG;DEL15-MG;UOP01-DEL15-MG
234016;520227;08/09/2019;domingo;07:45:00;MG;365;432,5;PATOS DE MINAS;Velocidade Incompatível;Colisão transversal;Com Vítimas Feridas;Pleno dia;Crescente;Céu Claro;Simples;"Reta;Interseção de Vias;Aclive";Não;418111;Automóvel;VW/VOYAGE 1.6 TREND/VOYAGE 1.6 TREND;2009;Condutor;Ileso;71;Masculino;1;0;0;0;-18,75921593;-46,66385736;SPRF-MG;DEL10-MG;UOP01-DEL10-MG
234016;520226;08/09/2019;domingo;07:45:00;MG;365;432,5;PATOS DE MINAS;Velocidade Incompatível;Colisão transversal;Com Vítimas Feridas;Pleno dia;Crescente;Céu Claro;Simples;"Reta;Interseção de Vias;Aclive";Não;418110;Motocicleta;BMW/F850GS A/F850GS A;2019;Condutor;Lesões Graves;43;Masculino;0;0;1;0;-18,75921593;-46,66385736;SPRF-MG;DEL10-MG;UOP01-DEL10-MG
234672;523580;11/09/2019;quarta-feira;07:50:00;MG;365;623;UBERLANDIA;Desobediência às normas de trânsito pelo condutor;Queda de ocupante de veículo;Com Vítimas Feridas;Pleno dia;Decrescente;Chuva;Dupla;Reta;Sim;419308;Motocicleta;HONDA/CG 150 FAN ESI/CG 150 FAN ESI;2010;Condutor;Lesões Graves;19;Masculino;0;0;1;0;-18,9100325;-48,30694985;SPRF-MG;DEL15-MG;UOP01-DEL15-MG
235075;525291;13/09/2019;sexta-feira;08:00:00;MG;365;614;UBERLANDIA;Defeito Mecânico no Veículo;Incêndio;Sem Vítimas;Pleno dia;Crescente;Céu Claro;Simples;Rotatória;Sim;420405;Automóvel;FIAT/PALIO ELX/PALIO ELX;2001;Condutor;Não Informado;0;Não Informado;0;0;0;0;-18,92433225;-48,19996119;SPRF-MG;DEL15-MG;UOP01-DEL15-MG
235086;522579;09/06/2019;domingo;18:30:00;MG;365;472;PATROCINIO;Agressão Externa;Queda de ocupante de veículo;Com Vítimas Feridas;Anoitecer;Crescente;Céu Claro;Simples;Reta;Sim;420070;Motocicleta;HONDA/CG 125 FAN/CG 125 FAN;2006;Condutor;Lesões Graves;0;Masculino;0;0;1;0;-18,92281371;-46,9909434;SPRF-MG;DEL10-MG;UOP01-DEL10-MG
235180;522962;13/09/2019;sexta-feira;18:35:00;MG;365;613;UBERLANDIA;Falta de Atenção à Condução;Colisão traseira;Com Vítimas Feridas;Anoitecer;Crescente;Céu Claro;Simples;Reta;Sim;420279;Automóvel;RENAULT/CLIO AUT 1.0 H/CLIO AUT 1.0 H;2005;Condutor;Ileso;26;Feminino;1;0;0;0;-18,884602;-48,26594;SPRF-MG;DEL15-MG;UOP01-DEL15-MG
235180;522964;13/09/2019;sexta-feira;18:35:00;MG;365;613;UBERLANDIA;Falta de Atenção à Condução;Colisão traseira;Com Vítimas Feridas;Anoitecer;Crescente;Céu Claro;Simples;Reta;Sim;420280;Automóvel;I/CITROEN C4 16GLX5P F/CITROEN C4 16GLX5P F;2009;Condutor;Ileso;32;Masculino;1;0;0;0;-18,884602;-48,26594;SPRF-MG;DEL15-MG;UOP01-DEL15-MG
235180;522966;13/09/2019;sexta-feira;18:35:00;MG;365;613;UBERLANDIA;Falta de Atenção à Condução;Colisão traseira;Com Vítimas Feridas;Anoitecer;Crescente;Céu Claro;Simples;Reta;Sim;420280;Automóvel;I/CITROEN C4 16GLX5P F/CITROEN C4 16GLX5P F;2009;Passageiro;Lesões Leves;35;Feminino;0;1;0;0;-18,884602;-48,26594;SPRF-MG;DEL15-MG;UOP01-DEL15-MG
235180;522967;13/09/2019;sexta-feira;18:35:00;MG;365;613;UBERLANDIA;Falta de Atenção à Condução;Colisão traseira;Com Vítimas Feridas;Anoitecer;Crescente;Céu Claro;Simples;Reta;Sim;420280;Automóvel;I/CITROEN C4 16GLX5P F/CITROEN C4 16GLX5P F;2009;Passageiro;Lesões Leves;7;Masculino;0;1;0;0;-18,884602;-48,26594;SPRF-MG;DEL15-MG;UOP01-DEL15-MG
235180;522986;13/09/2019;sexta-feira;18:35:00;MG;365;613;UBERLANDIA;Falta de Atenção à Condução;Colisão traseira;Com Vítimas Feridas;Anoitecer;Crescente;Céu Claro;Simples;Reta;Sim;420280;Automóvel;I/CITROEN C4 16GLX5P F/CITROEN C4 16GLX5P F;2009;Passageiro;Lesões Leves;51;Feminino;0;1;0;0;-18,884602;-48,26594;SPRF-MG;DEL15-MG;UOP01-DEL15-MG
235180;522965;13/09/2019;sexta-feira;18:35:00;MG;365;613;UBERLANDIA;Falta de Atenção à Condução;Colisão traseira;Com Vítimas Feridas;Anoitecer;Crescente;Céu Claro;Simples;Reta;Sim;420281;Automóvel;GM/VECTRA GL/VECTRA GL;1998;Condutor;Lesões Leves;52;Masculino;0;1;0;0;-18,884602;-48,26594;SPRF-MG;DEL15-MG;UOP01-DEL15-MG
235604;525762;15/09/2019;domingo;16:25:00;MG;365;682,9;MONTE ALEGRE DE MINAS;Velocidade Incompatível;Colisão lateral;Com Vítimas Feridas;Pleno dia;Decrescente;Céu Claro;Dupla;Curva;Não;421233;Automóvel;I/VW JETTA 2.0/VW JETTA 2.0;2011;Condutor;Ileso;23;Masculino;1;0;0;0;-18,85061244;-48,83796296;SPRF-MG;DEL15-MG;UOP01-DEL15-MG
235604;525767;15/09/2019;domingo;16:25:00;MG;365;682,9;MONTE ALEGRE DE MINAS;Velocidade Incompatível;Colisão lateral;Com Vítimas Feridas;Pleno dia;Decrescente;Céu Claro;Dupla;Curva;Não;421234;Camioneta;I/CHEV TRACKER PREMIER/CHEV TRACKER PREMIER;2019;Condutor;Lesões Leves;38;Masculino;0;1;0;0;-18,85061244;-48,83796296;SPRF-MG;DEL15-MG;UOP01-DEL15-MG
235604;525768;15/09/2019;domingo;16:25:00;MG;365;682,9;MONTE ALEGRE DE MINAS;Velocidade Incompatível;Colisão lateral;Com Vítimas Feridas;Pleno dia;Decrescente;Céu Claro;Dupla;Curva;Não;0;NA;NA/NA/NA;0;Testemunha;Não Informado;0;Não Informado;0;0;0;0;-18,85061244;-48,83796296;SPRF-MG;DEL15-MG;UOP01-DEL15-MG
235699;525551;15/09/2019;domingo;22:30:00;MG;365;472;PATROCINIO;Falta de Atenção à Condução;Saída de leito carroçável;Com Vítimas Feridas;Plena Noite;Decrescente;Ignorado;Simples;Reta;Não;421190;Automóvel;VW/VOYAGE 1.6 TREND/VOYAGE 1.6 TREND;2010;Condutor;Lesões Leves;52;Masculino;0;1;0;0;-18,923;-46,992;SPRF-MG;DEL10-MG;UOP01-DEL10-MG
236290;527208;18/09/2019;quarta-feira;12:20:00;MG;365;621;UBERLANDIA;Falta de Atenção à Condução;Colisão traseira;Com Vítimas Feridas;Pleno dia;Crescente;Céu Claro;Dupla;Reta;Sim;422346;Motocicleta;YAMAHA/FAZER YS250/FAZER YS250;2013;Condutor;Lesões Leves;56;Masculino;0;1;0;0;-18,9048022;-48,29052803;SPRF-MG;DEL15-MG;UOP01-DEL15-MG
236290;527209;18/09/2019;quarta-feira;12:20:00;MG;365;621;UBERLANDIA;Falta de Atenção à Condução;Colisão traseira;Com Vítimas Feridas;Pleno dia;Crescente;Céu Claro;Dupla;Reta;Sim;422347;Automóvel;FORD/KA SE 1.0 HA C/KA SE 1.0 HA C;2018;Condutor;Ileso;37;Feminino;1;0;0;0;-18,9048022;-48,29052803;SPRF-MG;DEL15-MG;UOP01-DEL15-MG
236298;525293;18/09/2019;quarta-feira;13:10:00;MG;365;516,5;MONTE CARMELO;Ultrapassagem Indevida;Colisão frontal;Com Vítimas Fatais;Pleno dia;Crescente;Céu Claro;Simples;Curva;Não;422369;Automóvel;FORD/KA SE 1.5 SD B/KA SE 1.5 SD B;2017;Passageiro;Óbito;65;Masculino;0;0;0;1;-18,91442999;-47,368263;SPRF-MG;DEL10-MG;UOP01-DEL10-MG
236298;525302;18/09/2019;quarta-feira;13:10:00;MG;365;516,5;MONTE CARMELO;Ultrapassagem Indevida;Colisão frontal;Com Vítimas Fatais;Pleno dia;Crescente;Céu Claro;Simples;Curva;Não;422369;Automóvel;FORD/KA SE 1.5 SD B/KA SE 1.5 SD B;2017;Condutor;Lesões Graves;72;Masculino;0;0;1;0;-18,91442999;-47,368263;SPRF-MG;DEL10-MG;UOP01-DEL10-MG
236298;525292;18/09/2019;quarta-feira;13:10:00;MG;365;516,5;MONTE CARMELO;Ultrapassagem Indevida;Colisão frontal;Com Vítimas Fatais;Pleno dia;Crescente;Céu Claro;Simples;Curva;Não;422368;Automóvel;TOYOTA/COROLLA XLI16VVT/COROLLA XLI16VVT;2006;Condutor;Óbito;64;Masculino;0;0;0;1;-18,91442999;-47,368263;SPRF-MG;DEL10-MG;UOP01-DEL10-MG
236695;526642;20/09/2019;sexta-feira;06:00:00;MG;365;625;UBERLANDIA;Pista Escorregadia;Queda de ocupante de veículo;Com Vítimas Feridas;Pleno dia;Crescente;Céu Claro;Dupla;Reta;Sim;423478;Motoneta;HONDA/BIZ 125/BIZ 125;2018;Condutor;Lesões Leves;35;Feminino;0;1;0;0;-18,90659356;-48,33469405;SPRF-MG;DEL15-MG;UOP01-DEL15-MG
236969;526838;21/09/2019;sábado;11:50:00;MG;365;618;UBERLANDIA;Ingestão de Álcool;Colisão com objeto estático;Com Vítimas Feridas;Pleno dia;Crescente;Céu Claro;Múltipla;"Desvio Temporário;Declive;Reta;Em Obras";Sim;423627;Automóvel;RENAULT/CLIO RL 1.0/CLIO RL 1.0;2002;Condutor;Lesões Leves;63;Masculino;0;1;0;0;-18,89096479;-48,27070632;SPRF-MG;DEL15-MG;UOP01-DEL15-MG
237007;526823;21/09/2019;sábado;17:30:00;MG;365;595;ARAGUARI;Defeito Mecânico no Veículo;Saída de leito carroçável;Com Vítimas Feridas;Pleno dia;Crescente;Céu Claro;Simples;Reta;Não;423619;Automóvel;FIAT/PALIO ELX/PALIO ELX;2000;Passageiro;Lesões Leves;22;Masculino;0;1;0;0;-18,87258568;-48,07953688;SPRF-MG;DEL15-MG;UOP02-DEL15-MG
237007;526825;21/09/2019;sábado;17:30:00;MG;365;595;ARAGUARI;Defeito Mecânico no Veículo;Saída de leito carroçável;Com Vítimas Feridas;Pleno dia;Crescente;Céu Claro;Simples;Reta;Não;423619;Automóvel;FIAT/PALIO ELX/PALIO ELX;2000;Passageiro;Lesões Leves;2018;Feminino;0;1;0;0;-18,87258568;-48,07953688;SPRF-MG;DEL15-MG;UOP02-DEL15-MG
237007;526821;21/09/2019;sábado;17:30:00;MG;365;595;ARAGUARI;Defeito Mecânico no Veículo;Saída de leito carroçável;Com Vítimas Feridas;Pleno dia;Crescente;Céu Claro;Simples;Reta;Não;423619;Automóvel;FIAT/PALIO ELX/PALIO ELX;2000;Passageiro;Lesões Leves;20;Masculino;0;1;0;0;-18,87258568;-48,07953688;SPRF-MG;DEL15-MG;UOP02-DEL15-MG