id;pesid;data_inversa;dia_semana;horario;uf;br;km;municipio;causa_acidente;tipo_acidente;classificacao_acidente;fase_dia;sentido_via;condicao_metereologica;tipo_pista;tracado_via;uso_solo;id_veiculo;tipo_veiculo;marca;ano_fabricacao_veiculo;tipo_envolvido;estado_fisico;idade;sexo;ilesos;feridos_leves;feridos_graves;mortos;latitude;longitude;regional;delegacia;uop
249766;554404;15/11/2019;sexta-feira;17:30:00;MG;365;667,2;MONTE ALEGRE DE MINAS;Falta de Atenção à Condução;Saída de leito carroçável;Com Vítimas Feridas;Pleno dia;Decrescente;Chuva;Dupla;Curva;Não;445769;Automóvel;RENAULT/SANDERO EXP 16HP/SANDERO EXP 16HP;2013;Condutor;Lesões Leves;38;Feminino;0;1;0;0;-18,89259452;-48,6843574;SPRF-MG;DEL15-MG;UOP01-DEL15-MG
249949;555129;16/11/2019;sábado;16:45:00;MG;365;630;UBERLANDIA;Ultrapassagem Indevida;Colisão traseira;Com Vítimas Feridas;Pleno dia;Decrescente;Sol;Dupla;Reta;Sim;446084;Automóvel;VW/POLO 1.6/POLO 1.6;2004;Condutor;Lesões Leves;37;Masculino;0;1;0;0;-18,89921529;-48,37166404;SPRF-MG;DEL15-MG;UOP01-DEL15-MG
250117;555171;17/11/2019;domingo;13:00:00;MG;365;616,2;UBERLANDIA;Falta de Atenção à Condução;Capotamento;Com Vítimas Feridas;Pleno dia;Crescente;Céu Claro;Dupla;Reta;Sim;446516;Caminhonete;I/MMC L200 4X4/MMC L200 4X4;1994;Condutor;Ileso;54;Masculino;1;0;0;0;-18,884602;-48,26594;SPRF-MG;DEL15-MG;UOP01-DEL15-MG
250117;555174;17/11/2019;domingo;13:00:00;MG;365;616,2;UBERLANDIA;Falta de Atenção à Condução;Capotamento;Com Vítimas Feridas;Pleno dia;Crescente;Céu Claro;Dupla;Reta;Sim;446516;Caminhonete;I/MMC L200 4X4/MMC L200 4X4;1994;Passageiro;Lesões Graves;59;Masculino;0;0;1;0;-18,884602;-48,26594;SPRF-MG;DEL15-MG;UOP01-DEL15-MG
250440;557366;18/11/2019;segunda-feira;04:30:00;MG;365;446;GUIMARANIA;Pista Escorregadia;Capotamento;Com Vítimas Feridas;Plena Noite;Crescente;Chuva;Dupla;Declive;Não;446944;Utilitário;I/TOYOTA HILUX SWSRXA4FD/TOYOTA HILUX SWSRXA4FD;2016;Condutor;Lesões Leves;66;Masculino;0;1;0;0;-18,82615544;-46,7900619;SPRF-MG;DEL10-MG;UOP01-DEL10-MG
250701;557932;20/11/2019;quarta-feira;07:30:00;MG;365;638;UBERLANDIA;Não guardar distância de segurança;Colisão traseira;Com Vítimas Feridas;Pleno dia;Decrescente;Céu Claro;Dupla;Reta;Não;447439;Automóvel;FORD/KA SE 1.0 HA/KA SE 1.0 HA;2015;Condutor;Ileso;23;Feminino;1;0;0;0;-18,89121835;-48,42797405;SPRF-MG;DEL15-MG;UOP01-DEL15-MG
250701;557931;20/11/2019;quarta-feira;07:30:00;MG;365;638;UBERLANDIA;Não guardar distância de segurança;Colisão traseira;Com Vítimas Feridas;Pleno dia;Decrescente;Céu Claro;Dupla;Reta;Não;447440;Motocicleta;HONDA/CBX 250 TWISTER/CBX 250 TWISTER;2002;Condutor;Lesões Leves;31;Masculino;0;1;0;0;-18,89121835;-48,42797405;SPRF-MG;DEL15-MG;UOP01-DEL15-MG
250784;556755;20/11/2019;quarta-feira;17:45:00;MG;365;618;UBERLANDIA;Falta de Atenção à Condução;Colisão traseira;Com Vítimas Feridas;Pleno dia;Decrescente;Céu Claro;Dupla;Reta;Sim;447621;Automóvel;VW/GOL 1.0/GOL 1.0;2009;Condutor;Ileso;50;Masculino;1;0;0;0;-18,89096479;-48,27070632;SPRF-MG;DEL15-MG;UOP01-DEL15-MG
250784;556757;20/11/2019;quarta-feira;17:45:00;MG;365;618;UBERLANDIA;Falta de Atenção à Condução;Colisão traseira;Com Vítimas Feridas;Pleno dia;Decrescente;Céu Claro;Dupla;Reta;Sim;447622;Motocicleta;HONDA/NXR150 BROS ESD/NXR150 BROS ESD;2012;Condutor;Lesões Graves;22;Masculino;0;0;1;0;-18,89096479;-48,27070632;SPRF-MG;DEL15-MG;UOP01-DEL15-MG
251118;557386;27/08/2019;terça-feira;17:30:00;MG;365;552;ESTRELA DO SUL;Ultrapassagem Indevida;Capotamento;Com Vítimas Feridas;Anoitecer;Crescente;Céu Claro;Simples;Reta;Não;448158;Automóvel;GM/PRISMA MAXX/PRISMA MAXX;2009;Condutor;Ileso;32;Masculino;1;0;0;0;-18,93028161;-47,70423897;SPRF-MG;DEL15-MG;UOP02-DEL15-MG
251118;557387;27/08/2019;terça-feira;17:30:00;MG;365;552;ESTRELA DO SUL;Ultrapassagem Indevida;Capotamento;Com Vítimas Feridas;Anoitecer;Crescente;Céu Claro;Simples;Reta;Não;448158;Automóvel;GM/PRISMA MAXX/PRISMA MAXX;2009;Passageiro;Lesões Leves;31;Feminino;0;1;0;0;-18,93028161;-47,70423897;SPRF-MG;DEL15-MG;UOP02-DEL15-MG
251118;557397;27/08/2019;terça-feira;17:30:00;MG;365;552;ESTRELA DO SUL;Ultrapassagem Indevida;Capotamento;Com Vítimas Feridas;Anoitecer;Crescente;Céu Claro;Simples;Reta;Não;448158;Automóvel;GM/PRISMA MAXX/PRISMA MAXX;2009;Passageiro;Lesões Leves;15;Feminino;0;1;0;0;-18,93028161;-47,70423897;SPRF-MG;DEL15-MG;UOP02-DEL15-MG
251118;557403;27/08/2019;terça-feira;17:30:00;MG;365;552;ESTRELA DO SUL;Ultrapassagem Indevida;Capotamento;Com Vítimas Feridas;Anoitecer;Crescente;Céu Claro;Simples;Reta;Não;448158;Automóvel;GM/PRISMA MAXX/PRISMA MAXX;2009;Passageiro;Lesões Leves;10;Masculino;0;1;0;0;-18,93028161;-47,70423897;SPRF-MG;DEL15-MG;UOP02-DEL15-MG
251118;557388;27/08/2019;terça-feira;17:30:00;MG;365;552;ESTRELA DO SUL;Ultrapassagem Indevida;Capotamento;Com Vítimas Feridas;Anoitecer;Crescente;Céu Claro;Simples;Reta;Não;448159;Camioneta;JEEP/RENEGADE SPORT AT/RENEGADE SPORT AT;2017;Condutor;Não Informado;0;Não Informado;0;0;0;0;-18,93028161;-47,70423897;SPRF-MG;DEL15-MG;UOP02-DEL15-MG
251327;557917;23/11/2019;sábado;08:00:00;MG;365;618;UBERLANDIA;Falta de Atenção à Condução;Colisão traseira;Com Vítimas Feridas;Pleno dia;Crescente;Céu Claro;Dupla;Reta;Sim;448550;Automóvel;IMP/GM CORSA GL W/GM CORSA GL W;1998;Condutor;Ileso;56;Masculino;1;0;0;0;-18,89816629;-48,24422836;SPRF-MG;DEL15-MG;UOP01-DEL15-MG
251327;557918;23/11/2019;sábado;08:00:00;MG;365;618;UBERLANDIA;Falta de Atenção à Condução;Colisão traseira;Com Vítimas Feridas;Pleno dia;Crescente;Céu Claro;Dupla;Reta;Sim;448551;Motocicleta;HONDA/CG 150 TITAN KS/CG 150 TITAN KS;2004;Condutor;Lesões Leves;22;Masculino;0;1;0;0;-18,89816629;-48,24422836;SPRF-MG;DEL15-MG;UOP01-DEL15-MG
251779;559027;25/11/2019;segunda-feira;07:55:00;MG;365;626,7;UBERLANDIA;Pista Escorregadia;Queda de ocupante de veículo;Com Vítimas Feridas;Pleno dia;Crescente;Nublado;Dupla;Interseção de Vias;Sim;449403;Motocicleta;HONDA/CB 300R/CB 300R;2011;Condutor;Lesões Leves;26;Masculino;0;1;0;0;-18,90659356;-48,33469405;SPRF-MG;DEL15-MG;UOP01-DEL15-MG
251889;558986;25/11/2019;segunda-feira;17:45:00;MG;365;622;UBERLANDIA;Falta de Atenção à Condução;Colisão lateral;Com Vítimas Feridas;Pleno dia;Crescente;Nublado;Dupla;Curva;Sim;449488;Motocicleta;HONDA/CG 150 FAN ESI/CG 150 FAN ESI;2011;Condutor;Lesões Leves;30;Masculino;0;1;0;0;-18,90751667;-48,29937209;SPRF-MG;DEL15-MG;UOP01-DEL15-MG
251889;558987;25/11/2019;segunda-feira;17:45:00;MG;365;622;UBERLANDIA;Falta de Atenção à Condução;Colisão lateral;Com Vítimas Feridas;Pleno dia;Crescente;Nublado;Dupla;Curva;Sim;449488;Motocicleta;HONDA/CG 150 FAN ESI/CG 150 FAN ESI;2011;Passageiro;Lesões Leves;26;Feminino;0;1;0;0;-18,90751667;-48,29937209;SPRF-MG;DEL15-MG;UOP01-DEL15-MG
252106;561132;27/11/2019;quarta-feira;00:30:00;MG;365;453,6;GUIMARANIA;Animais na Pista;Atropelamento de Animal;Sem Vítimas;Plena Noite;Decrescente;Ignorado;Simples;Reta;Não;449907;Automóvel;FIAT/PALIO WK ADVEN FLEX/PALIO WK ADVEN FLEX;2013;Condutor;Ileso;29;Masculino;1;0;0;0;-18,84138673;-46,85468408;SPRF-MG;DEL10-MG;UOP01-DEL10-MG
252106;561134;27/11/2019;quarta-feira;00:30:00;MG;365;453,6;GUIMARANIA;Animais na Pista;Atropelamento de Animal;Sem Vítimas;Plena Noite;Decrescente;Ignorado;Simples;Reta;Não;449907;Automóvel;FIAT/PALIO WK ADVEN FLEX/PALIO WK ADVEN FLEX;2013;Passageiro;Ileso;48;Masculino;1;0;0;0;-18,84138673;-46,85468408;SPRF-MG;DEL10-MG;UOP01-DEL10-MG
252358;561701;28/11/2019;quinta-feira;06:30:00;MG;365;425,3;PATOS DE MINAS;Desobediência às normas de trânsito pelo condutor;Colisão lateral;Com Vítimas Feridas;Pleno dia;Decrescente;Nublado;Simples;"Reta;Declive";Não;450344;Automóvel;RENAULT/SANDERO STEPWAY/SANDERO STEPWAY;2011;Condutor;Ileso;30;Masculino;1;0;0;0;-18,72337777;-46,61653611;SPRF-MG;DEL10-MG;UOP01-DEL10-MG
252358;561728;28/11/2019;quinta-feira;06:30:00;MG;365;425,3;PATOS DE MINAS;Desobediência às normas de trânsito pelo condutor;Colisão lateral;Com Vítimas Feridas;Pleno dia;Decrescente;Nublado;Simples;"Reta;Declive";Não;450344;Automóvel;RENAULT/SANDERO STEPWAY/SANDERO STEPWAY;2011;Passageiro;Ileso;40;Masculino;1;0;0;0;-18,72337777;-46,61653611;SPRF-MG;DEL10-MG;UOP01-DEL10-MG
252358;561725;28/11/2019;quinta-feira;06:30:00;MG;365;425,3;PATOS DE MINAS;Desobediência às normas de trânsito pelo condutor;Colisão lateral;Com Vítimas Feridas;Pleno dia;Decrescente;Nublado;Simples;"Reta;Declive";Não;450344;Automóvel;RENAULT/SANDERO STEPWAY/SANDERO STEPWAY;2011;Passageiro;Lesões Leves;61;Feminino;0;1;0;0;-18,72337777;-46,61653611;SPRF-MG;DEL10-MG;UOP01-DEL10-MG
252358;561727;28/11/2019;quinta-feira;06:30:00;MG;365;425,3;PATOS DE MINAS;Desobediência às normas de trânsito pelo condutor;Colisão lateral;Com Vítimas Feridas;Pleno dia;Decrescente;Nublado;Simples;"Reta;Declive";Não;450344;Automóvel;RENAULT/SANDERO STEPWAY/SANDERO STEPWAY;2011;Passageiro;Lesões Leves;63;Masculino;0;1;0;0;-18,72337777;-46,61653611;SPRF-MG;DEL10-MG;UOP01-DEL10-MG
252358;561699;28/11/2019;quinta-feira;06:30:00;MG;365;425,3;PATOS DE MINAS;Desobediência às normas de trânsito pelo condutor;Colisão lateral;Com Vítimas Feridas;Pleno dia;Decrescente;Nublado;Simples;"Reta;Declive";Não;450343;Caminhonete;FIAT/TORO FREEDOM AT9 D/TORO FREEDOM AT9 D;2018;Condutor;Ileso;71;Masculino;1;0;0;0;-18,72337777;-46,61653611;SPRF-MG;DEL10-MG;UOP01-DEL10-MG
252431;560454;28/11/2019;quinta-feira;15:00:00;MG;365;621;UBERLANDIA;Falta de Atenção à Condução;Queda de ocupante de veículo;Com Vítimas Feridas;Pleno dia;Decrescente;Nublado;Dupla;Reta;Sim;450547;Motocicleta;HONDA/CG 160 FAN ESDI/CG 160 FAN ESDI;2016;Condutor;Lesões Leves;31;Masculino;0;1;0;0;-18,9048022;-48,29052803;SPRF-MG;DEL15-MG;UOP01-DEL15-MG
253046;561494;01/12/2019;domingo;03:10:00;MG;365;638,3;UBERLANDIA;Pista Escorregadia;Saída de leito carroçável;Sem Vítimas;Plena Noite;Crescente;Céu Claro;Dupla;Aclive;Não;451545;Automóvel;PEUGEOT/208 ACTIVE/208 ACTIVE;2013;Condutor;Ileso;31;Masculino;1;0;0;0;-18,8883267;-48,44671495;SPRF-MG;DEL15-MG;UOP01-DEL15-MG
253099;561759;01/12/2019;domingo;11:30:00;MG;365;631,8;UBERLANDIA;Pista Escorregadia;Colisão com objeto estático;Sem Vítimas;Pleno dia;Decrescente;Chuva;Dupla;Reta;Não;451736;Automóvel;HYUNDAI/HB20 1.0M UNIQUE/HB20 1.0M UNIQUE;2018;Condutor;Ileso;20;Masculino;1;0;0;0;-18,89793861;-48,38105894;SPRF-MG;DEL15-MG;UOP01-DEL15-MG
253264;562097;01/12/2019;domingo;23:00:00;MG;365;647;UBERLANDIA;Falta de Atenção à Condução;Colisão traseira;Sem Vítimas;Plena Noite;Crescente;Nublado;Dupla;Aclive;Sim;451987;Ônibus;MBENZ/BUSSCAR VIS BUSS R/BUSSCAR VIS BUSS R;2000;Condutor;Ileso;49;Masculino;1;0;0;0;-18,87453984;-48,53093797;SPRF-MG;DEL15-MG;UOP01-DEL15-MG
253322;562406;02/12/2019;segunda-feira;09:30:00;MG;365;458,9;PATROCINIO;Desobediência às normas de trânsito pelo condutor;Colisão transversal;Com Vítimas Feridas;Pleno dia;Decrescente;Céu Claro;Simples;Reta;Não;452155;Automóvel;CHEVROLET/COBALT 18M LTZ/COBALT 18M LTZ;2016;Condutor;Ileso;60;Masculino;1;0;0;0;-18,87087951;-46,90166473;SPRF-MG;DEL10-MG;UOP01-DEL10-MG
253322;562407;02/12/2019;segunda-feira;09:30:00;MG;365;458,9;PATROCINIO;Desobediência às normas de trânsito pelo condutor;Colisão transversal;Com Vítimas Feridas;Pleno dia;Decrescente;Céu Claro;Simples;Reta;Não;452156;Motocicleta;HONDA/CG 160 START/CG 160 START;2019;Condutor;Lesões Leves;31;Masculino;0;1;0;0;-18,87087951;-46,90166473;SPRF-MG;DEL10-MG;UOP01-DEL10-MG
254515;566821;07/12/2019;sábado;18:00:00;MG;365;626;UBERLANDIA;Defeito na Via;Danos eventuais;Com Vítimas Feridas;Anoitecer;Crescente;Chuva;Dupla;Curva;Sim;454483;Motocicleta;HONDA/CB 250F TWISTER/CB 250F TWISTER;2018;Condutor;Lesões Leves;43;Feminino;0;1;0;0;-18,90659356;-48,33469405;SPRF-MG;DEL15-MG;UOP01-DEL15-MG
254876;566130;08/12/2019;domingo;19:00:00;MG;365;737,2;CANAPOLIS;Falta de Atenção à Condução;Colisão lateral;Com Vítimas Feridas;Plena Noite;Decrescente;Céu Claro;Simples;Aclive;Não;454919;Automóvel;GM/ASTRA HB 4P ADVANTAGE/ASTRA HB 4P ADVANTAGE;2009;Condutor;Ileso;35;Masculino;1;0;0;0;-18,90839013;-49,34501698;SPRF-MG;DEL15-MG;UOP03-DEL15-MG
255072;566200;10/12/2019;terça-feira;06:30:00;MG;365;451;GUIMARANIA;Falta de Atenção à Condução;Capotamento;Com Vítimas Feridas;Pleno dia;Decrescente;Céu Claro;Simples;Reta;Não;455334;Automóvel;VW/NOVO VOYAGE CL MBP/NOVO VOYAGE CL MBP;2016;Condutor;Lesões Graves;24;Masculino;0;0;1;0;-18,83594238;-46,83646889;SPRF-MG;DEL10-MG;UOP01-DEL10-MG
255152;568257;10/12/2019;terça-feira;13:35:00;MG;365;509,7;UBERLANDIA;Falta de Atenção à Condução;Colisão traseira;Com Vítimas Feridas;Pleno dia;Crescente;Chuva;Simples;Reta;Não;455513;Automóvel;CHEVROLET/CRUZE LT NB/CRUZE LT NB;2015;Condutor;Ileso;80;Masculino;1;0;0;0;-18,89301829;-48,13943907;SPRF-MG;DEL10-MG;UOP01-DEL10-MG
255152;568258;10/12/2019;terça-feira;13:35:00;MG;365;509,7;UBERLANDIA;Falta de Atenção à Condução;Colisão traseira;Com Vítimas Feridas;Pleno dia;Crescente;Chuva;Simples;Reta;Não;455514;Automóvel;FIAT/SIENA ATTRACTIV 1.4/SIENA ATTRACTIV 1.4;2013;Condutor;Ileso;48;Masculino;1;0;0;0;-18,89301829;-48,13943907;SPRF-MG;DEL10-MG;UOP01-DEL10-MG
255152;568260;10/12/2019;terça-feira;13:35:00;MG;365;509,7;UBERLANDIA;Falta de Atenção à Condução;Colisão traseira;Com Vítimas Feridas;Pleno dia;Crescente;Chuva;Simples;Reta;Não;455514;Automóvel;FIAT/SIENA ATTRACTIV 1.4/SIENA ATTRACTIV 1.4;2013;Passageiro;Ileso;41;Feminino;1;0;0;0;-18,89301829;-48,13943907;SPRF-MG;DEL10-MG;UOP01-DEL10-MG
255152;568261;10/12/2019;terça-feira;13:35:00;MG;365;509,7;UBERLANDIA;Falta de Atenção à Condução;Colisão traseira;Com Vítimas Feridas;Pleno dia;Crescente;Chuva;Simples;Reta;Não;455514;Automóvel;FIAT/SIENA ATTRACTIV 1.4/SIENA ATTRACTIV 1.4;2013;Passageiro;Ileso;16;Feminino;1;0;0;0;-18,89301829;-48,13943907;SPRF-MG;DEL10-MG;UOP01-DEL10-MG
255152;568263;10/12/2019;terça-feira;13:35:00;MG;365;509,7;UBERLANDIA;Falta de Atenção à Condução;Colisão traseira;Com Vítimas Feridas;Pleno dia;Crescente;Chuva;Simples;Reta;Não;455514;Automóvel;FIAT/SIENA ATTRACTIV 1.4/SIENA ATTRACTIV 1.4;2013;Passageiro;Lesões Leves;6;Masculino;0;1;0;0;-18,89301829;-48,13943907;SPRF-MG;DEL10-MG;UOP01-DEL10-MG
255173;566491;10/12/2019;terça-feira;13:30:00;MG;365;601,5;UBERLANDIA;Desobediência às normas de trânsito pelo condutor;Colisão frontal;Com Vítimas Fatais;Pleno dia;Crescente;Nublado;Simples;"Aclive;Reta";Não;455515;Caminhonete;VW/NOVA SAVEIRO RB MBVD/NOVA SAVEIRO RB MBVD;2019;Condutor;Óbito;55;Masculino;0;0;0;1;-18,89301829;-48,13943907;SPRF-MG;DEL15-MG;UOP01-DEL15-MG
255245;567342;10/12/2019;terça-feira;22:30:00;MG;365;639,7;UBERLANDIA;Falta de Atenção à Condução;Colisão lateral;Com Vítimas Feridas;Plena Noite;Crescente;Nublado;Dupla;"Declive;Reta";Não;455616;Micro-ônibus;VW/KOMBI LOTAÇÃO/KOMBI LOTAÇÃO;2007;Condutor;Ileso;73;Masculino;1;0;0;0;-18,88684795;-48,45608299;SPRF-MG;DEL15-MG;UOP01-DEL15-MG
255245;567348;10/12/2019;terça-feira;22:30:00;MG;365;639,7;UBERLANDIA;Falta de Atenção à Condução;Colisão lateral;Com Vítimas Feridas;Plena Noite;Crescente;Nublado;Dupla;"Declive;Reta";Não;455616;Micro-ônibus;VW/KOMBI LOTAÇÃO/KOMBI LOTAÇÃO;2007;Passageiro;Ileso;0;Feminino;1;0;0;0;-18,88684795;-48,45608299;SPRF-MG;DEL15-MG;UOP01-DEL15-MG
255245;567346;10/12/2019;terça-feira;22:30:00;MG;365;639,7;UBERLANDIA;Falta de Atenção à Condução;Colisão lateral;Com Vítimas Feridas;Plena Noite;Crescente;Nublado;Dupla;"Declive;Reta";Não;455616;Micro-ônibus;VW/KOMBI LOTAÇÃO/KOMBI LOTAÇÃO;2007;Passageiro;Ileso;0;Masculino;1;0;0;0;-18,88684795;-48,45608299;SPRF-MG;DEL15-MG;UOP01-DEL15-MG
255245;567345;10/12/2019;terça-feira;22:30:00;MG;365;639,7;UBERLANDIA;Falta de Atenção à Condução;Colisão lateral;Com Vítimas Feridas;Plena Noite;Crescente;Nublado;Dupla;"Declive;Reta";Não;455616;Micro-ônibus;VW/KOMBI LOTAÇÃO/KOMBI LOTAÇÃO;2007;Passageiro;Lesões Leves;38;Feminino;0;1;0;0;-18,88684795;-48,45608299;SPRF-MG;DEL15-MG;UOP01-DEL15-MG
255280;566802;11/12/2019;quarta-feira;08:15:00;MG;365;632;UBERLANDIA;Avarias e/ou desgaste excessivo no pneu;Capotamento;Com Vítimas Feridas;Pleno dia;Decrescente;Nublado;Dupla;"Reta;Aclive";Sim;455714;Automóvel;I/RENAULT CLIO EXP1016VH/RENAULT CLIO EXP1016VH;2014;Condutor;Lesões Leves;19;Masculino;0;1;0;0;-18,90498729;-48,3405304;SPRF-MG;DEL15-MG;UOP01-DEL15-MG
255322;566985;11/12/2019;quarta-feira;08:20:00;MG;365;683,6;MONTE ALEGRE DE MINAS;Falta de Atenção à Condução;Colisão traseira;Sem Vítimas;Pleno dia;Crescente;Céu Claro;Dupla;Reta;Não;455707;Caminhonete;VW/NOVA SAVEIRO CE CROSS/NOVA SAVEIRO CE CROSS;2013;Condutor;Ileso;26;Masculino;1;0;0;0;-18,851478;-48,847366;SPRF-MG;DEL15-MG;UOP01-DEL15-MG
255322;566984;11/12/2019;quarta-feira;08:20:00;MG;365;683,6;MONTE ALEGRE DE MINAS;Falta de Atenção à Condução;Colisão traseira;Sem Vítimas;Pleno dia;Crescente;Céu Claro;Dupla;Reta;Não;455706;Micro-ônibus;I/KIA BESTA 12P GS/KIA BESTA 12P GS;2002;Condutor;Ileso;36;Masculino;1;0;0;0;-18,851478;-48,847366;SPRF-MG;DEL15-MG;UOP01-DEL15-MG
255446;567205;12/12/2019;quinta-feira;00:20:00;MG;365;621,1;UBERLANDIA;Defeito na Via;Capotamento;Com Vítimas Feridas;Plena Noite;Decrescente;Nublado;Múltipla;Reta;Sim;455993;Automóvel;CHEVROLET/CRUZE LT NB/CRUZE LT NB;2014;Condutor;Lesões Leves;20;Masculino;0;1;0;0;-18,9048022;-48,29052803;SPRF-MG;DEL15-MG;UOP01-DEL15-MG
255446;567207;12/12/2019;quinta-feira;00:20:00;MG;365;621,1;UBERLANDIA;Defeito na Via;Capotamento;Com Vítimas Feridas;Plena Noite;Decrescente;Nublado;Múltipla;Reta;Sim;455993;Automóvel;CHEVROLET/CRUZE LT NB/CRUZE LT NB;2014;Passageiro;Lesões Leves;19;Feminino;0;1;0;0;-18,9048022;-48,29052803;SPRF-MG;DEL15-MG;UOP01-DEL15-MG
255446;567206;12/12/2019;quinta-feira;00:20:00;MG;365;621,1;UBERLANDIA;Defeito na Via;Capotamento;Com Vítimas Feridas;Plena Noite;Decrescente;Nublado;Múltipla;Reta;Sim;455993;Automóvel;CHEVROLET/CRUZE LT NB/CRUZE LT NB;2014;Passageiro;Lesões Leves;21;Masculino;0;1;0;0;-18,9048022;-48,29052803;SPRF-MG;DEL15-MG;UOP01-DEL15-MG
256108;569354;14/12/2019;sábado;22:30:00;MG;365;612;UBERLANDIA;Falta de Atenção à Condução;Colisão traseira;Com Vítimas Feridas;Plena Noite;Crescente;Nublado;Dupla;Reta;Sim;457141;Automóvel;GM/CORSA WIND/CORSA WIND;1996;Condutor;Lesões Graves;20;Masculino;0;0;1;0;-18,93406985;-48,20154369;SPRF-MG;DEL15-MG;UOP01-DEL15-MG
256108;569355;14/12/2019;sábado;22:30:00;MG;365;612;UBERLANDIA;Falta de Atenção à Condução;Colisão traseira;Com Vítimas Feridas;Plena Noite;Crescente;Nublado;Dupla;Reta;Sim;457141;Automóvel;GM/CORSA WIND/CORSA WIND;1996;Passageiro;Lesões Graves;19;Feminino;0;0;1;0;-18,93406985;-48,20154369;SPRF-MG;DEL15-MG;UOP01-DEL15-MG
256108;568592;14/12/2019;sábado;22:30:00;MG;365;612;UBERLANDIA;Falta de Atenção à Condução;Colisão traseira;Com Vítimas Feridas;Plena Noite;Crescente;Nublado;Dupla;Reta;Sim;457142;Caminhonete;I/VW AMAROK/VW AMAROK;0;Passageiro;Lesões Leves;36;Feminino;0;1;0;0;-18,93406985;-48,20154369;SPRF-MG;DEL15-MG;UOP01-DEL15-MG
256108;568593;14/12/2019;sábado;22:30:00;MG;365;612;UBERLANDIA;Falta de Atenção à Condução;Colisão traseira;Com Vítimas Feridas;Plena Noite;Crescente;Nublado;Dupla;Reta;Sim;457142;Caminhonete;I/VW AMAROK/VW AMAROK;0;Passageiro;Lesões Leves;17;Feminino;0;1;0;0;-18,93406985;-48,20154369;SPRF-MG;DEL15-MG;UOP01-DEL15-MG
256108;568591;14/12/2019;sábado;22:30:00;MG;365;612;UBERLANDIA;Falta de Atenção à Condução;Colisão traseira;Com Vítimas Feridas;Plena Noite;Crescente;Nublado;Dupla;Reta;Sim;457142;Caminhonete;I/VW AMAROK/VW AMAROK;0;Condutor;Lesões Leves;25;Masculino;0;1;0;0;-18,93406985;-48,20154369;SPRF-MG;DEL15-MG;UOP01-DEL15-MG
256189;568689;08/08/2019;quinta-feira;17:20:00;MG;365;626;UBERLANDIA;Falta de Atenção à Condução;Colisão traseira;Com Vítimas Feridas;Pleno dia;Crescente;Céu Claro;Dupla;Reta;Sim;457244;Automóvel;FORD/FIESTA 1.6 FLEX/FIESTA 1.6 FLEX;2009;Condutor;Ileso;35;Masculino;1;0;0;0;-18,90659356;-48,33469405;SPRF-MG;DEL15-MG;UOP01-DEL15-MG
256189;568690;08/08/2019;quinta-feira;17:20:00;MG;365;626;UBERLANDIA;Falta de Atenção à Condução;Colisão traseira;Com Vítimas Feridas;Pleno dia;Crescente;Céu Claro;Dupla;Reta;Sim;457245;Automóvel;I/FIAT SIENA EX/FIAT SIENA EX;2001;Condutor;Ileso;67;Masculino;1;0;0;0;-18,90659356;-48,33469405;SPRF-MG;DEL15-MG;UOP01-DEL15-MG
256189;568691;08/08/2019;quinta-feira;17:20:00;MG;365;626;UBERLANDIA;Falta de Atenção à Condução;Colisão traseira;Com Vítimas Feridas;Pleno dia;Crescente;Céu Claro;Dupla;Reta;Sim;457246;Motocicleta;YAMAHA/YBR150 FACTOR ED/YBR150 FACTOR ED;2019;Condutor;Lesões Graves;24;Masculino;0;0;1;0;-18,90659356;-48,33469405;SPRF-MG;DEL15-MG;UOP01-DEL15-MG
256197;569987;15/12/2019;domingo;05:15:00;MG;365;598;UBERLANDIA;Falta de Atenção à Condução;Saída de leito carroçável;Com Vítimas Feridas;Amanhecer;Decrescente;Nublado;Simples;Declive;Não;457257;Automóvel;RENAULT/SANDERO EXPR 10/SANDERO EXPR 10;2019;Condutor;Lesões Leves;34;Feminino;0;1;0;0;-18,88554557;-48,11340009;SPRF-MG;DEL15-MG;UOP01-DEL15-MG