id;pesid;data_inversa;dia_semana;horario;uf;br;km;municipio;causa_acidente;tipo_acidente;classificacao_acidente;fase_dia;sentido_via;condicao_metereologica;tipo_pista;tracado_via;uso_solo;id_veiculo;tipo_veiculo;marca;ano_fabricacao_veiculo;tipo_envolvido;estado_fisico;idade;sexo;ilesos;feridos_leves;feridos_graves;mortos;latitude;longitude;regional;delegacia;uop
256359;569138;15/12/2019;domingo;20:30:00;MG;365;610;UBERLANDIA;Falta de Atenção à Condução;Colisão traseira;Sem Vítimas;Plena Noite;Crescente;Céu Claro;Dupla;Reta;Sim;457540;Automóvel;HONDA/CIVIC LXS/CIVIC LXS;2014;Condutor;Ileso;44;Feminino;1;0;0;0;-18,93324276;-48,1844902;SPRF-MG;DEL15-MG;UOP01-DEL15-MG
256359;571288;15/12/2019;domingo;20:30:00;MG;365;610;UBERLANDIA;Falta de Atenção à Condução;Colisão traseira;Sem Vítimas;Plena Noite;Crescente;Céu Claro;Dupla;Reta;Sim;457540;Automóvel;HONDA/CIVIC LXS/CIVIC LXS;2014;Passageiro;Ileso;43;Feminino;1;0;0;0;-18,93324276;-48,1844902;SPRF-MG;DEL15-MG;UOP01-DEL15-MG
256359;569141;15/12/2019;domingo;20:30:00;MG;365;610;UBERLANDIA;Falta de Atenção à Condução;Colisão traseira;Sem Vítimas;Plena Noite;Crescente;Céu Claro;Dupla;Reta;Sim;457541;Caminhonete;I/FORD RANGER XLT 13F/FORD RANGER XLT 13F;2001;Condutor;Ileso;53;Masculino;1;0;0;0;-18,93324276;-48,1844902;SPRF-MG;DEL15-MG;UOP01-DEL15-MG
256359;571289;15/12/2019;domingo;20:30:00;MG;365;610;UBERLANDIA;Falta de Atenção à Condução;Colisão traseira;Sem Vítimas;Plena Noite;Crescente;Céu Claro;Dupla;Reta;Sim;457541;Caminhonete;I/FORD RANGER XLT 13F/FORD RANGER XLT 13F;2001;Passageiro;Ileso;43;Feminino;1;0;0;0;-18,93324276;-48,1844902;SPRF-MG;DEL15-MG;UOP01-DEL15-MG
256463;569429;16/12/2019;segunda-feira;09:55:00;MG;365;623;UBERLANDIA;Desobediência às normas de trânsito pelo condutor;Colisão traseira;Com Vítimas Feridas;Pleno dia;Crescente;Céu Claro;Múltipla;Declive;Sim;457788;Automóvel;FIAT/UNO MILLE ECONOMY/UNO MILLE ECONOMY;2009;Condutor;Ileso;40;Masculino;1;0;0;0;-18,9100325;-48,30694985;SPRF-MG;DEL15-MG;UOP01-DEL15-MG
256463;569432;16/12/2019;segunda-feira;09:55:00;MG;365;623;UBERLANDIA;Desobediência às normas de trânsito pelo condutor;Colisão traseira;Com Vítimas Feridas;Pleno dia;Crescente;Céu Claro;Múltipla;Declive;Sim;457789;Motocicleta;HONDA/CG 150 FAN ESI/CG 150 FAN ESI;2013;Condutor;Lesões Leves;25;Masculino;0;1;0;0;-18,9100325;-48,30694985;SPRF-MG;DEL15-MG;UOP01-DEL15-MG
256498;569410;16/12/2019;segunda-feira;08:05:00;MG;365;617;UBERLANDIA;Não guardar distância de segurança;Colisão traseira;Com Vítimas Feridas;Amanhecer;Crescente;Céu Claro;Múltipla;Reta;Sim;457780;Automóvel;FIAT/PUNTO ATTRACTIVE/PUNTO ATTRACTIVE;2014;Condutor;Ileso;37;Masculino;1;0;0;0;-18,884602;-48,26594;SPRF-MG;DEL15-MG;UOP01-DEL15-MG
256498;569415;16/12/2019;segunda-feira;08:05:00;MG;365;617;UBERLANDIA;Não guardar distância de segurança;Colisão traseira;Com Vítimas Feridas;Amanhecer;Crescente;Céu Claro;Múltipla;Reta;Sim;457781;Motocicleta;YAMAHA/FAZER YS250/FAZER YS250;2012;Condutor;Ileso;28;Masculino;1;0;0;0;-18,884602;-48,26594;SPRF-MG;DEL15-MG;UOP01-DEL15-MG
256498;569416;16/12/2019;segunda-feira;08:05:00;MG;365;617;UBERLANDIA;Não guardar distância de segurança;Colisão traseira;Com Vítimas Feridas;Amanhecer;Crescente;Céu Claro;Múltipla;Reta;Sim;457781;Motocicleta;YAMAHA/FAZER YS250/FAZER YS250;2012;Passageiro;Lesões Leves;25;Feminino;0;1;0;0;-18,884602;-48,26594;SPRF-MG;DEL15-MG;UOP01-DEL15-MG
256647;569779;11/08/2019;domingo;07:00:00;MG;365;622;UBERLANDIA;Desobediência às normas de trânsito pelo condutor;Colisão traseira;Com Vítimas Feridas;Amanhecer;Decrescente;Céu Claro;Múltipla;Reta;Sim;458107;Motocicleta;HONDA/CG 150 TITAN ESD/CG 150 TITAN ESD;0;Condutor;Lesões Leves;0;Masculino;0;1;0;0;-18,90433768;-48,34430695;SPRF-MG;DEL15-MG;UOP01-DEL15-MG
256670;570111;17/12/2019;terça-feira;09:30:00;MG;365;423;PATOS DE MINAS;Falta de Atenção à Condução;Colisão traseira;Com Vítimas Feridas;Pleno dia;Crescente;Céu Claro;Simples;"Reta;Declive";Não;458243;Caminhonete;GM/CHEVROLET C10/CHEVROLET C10;1975;Condutor;Ileso;69;Masculino;1;0;0;0;-18,72358684;-46,61675818;SPRF-MG;DEL10-MG;UOP01-DEL10-MG
256670;570115;17/12/2019;terça-feira;09:30:00;MG;365;423;PATOS DE MINAS;Falta de Atenção à Condução;Colisão traseira;Com Vítimas Feridas;Pleno dia;Crescente;Céu Claro;Simples;"Reta;Declive";Não;458243;Caminhonete;GM/CHEVROLET C10/CHEVROLET C10;1975;Passageiro;Lesões Leves;71;Masculino;0;1;0;0;-18,72358684;-46,61675818;SPRF-MG;DEL10-MG;UOP01-DEL10-MG
256670;570096;17/12/2019;terça-feira;09:30:00;MG;365;423;PATOS DE MINAS;Falta de Atenção à Condução;Colisão traseira;Com Vítimas Feridas;Pleno dia;Crescente;Céu Claro;Simples;"Reta;Declive";Não;458241;Caminhonete;FIAT/FIORINO FLEX/FIORINO FLEX;2009;Condutor;Lesões Leves;56;Masculino;0;1;0;0;-18,72358684;-46,61675818;SPRF-MG;DEL10-MG;UOP01-DEL10-MG
256716;570290;17/12/2019;terça-feira;15:00:00;MG;365;575,2;INDIANOPOLIS;Falta de Atenção à Condução;Colisão traseira;Com Vítimas Feridas;Pleno dia;Crescente;Céu Claro;Simples;"Reta;Em Obras";Não;458276;Motocicleta;KAWASAKI/NINJA 250R/NINJA 250R;2011;Condutor;Lesões Leves;33;Masculino;0;1;0;0;-18,90622665;-47,90172223;SPRF-MG;DEL15-MG;UOP02-DEL15-MG
256716;570291;17/12/2019;terça-feira;15:00:00;MG;365;575,2;INDIANOPOLIS;Falta de Atenção à Condução;Colisão traseira;Com Vítimas Feridas;Pleno dia;Crescente;Céu Claro;Simples;"Reta;Em Obras";Não;0;NA;NA/NA/NA;0;Testemunha;Não Informado;0;Não Informado;0;0;0;0;-18,90622665;-47,90172223;SPRF-MG;DEL15-MG;UOP02-DEL15-MG
257092;572806;19/12/2019;quinta-feira;06:00:00;MG;365;583,5;INDIANOPOLIS;Defeito Mecânico no Veículo;Saída de leito carroçável;Com Vítimas Feridas;Pleno dia;Decrescente;Nublado;Simples;Reta;Não;458953;Caminhonete;HYUNDAI/HR HDB/HR HDB;2013;Condutor;Lesões Leves;30;Masculino;0;1;0;0;-18,86861187;-47,98372099;SPRF-MG;DEL15-MG;UOP02-DEL15-MG
257376;573409;20/12/2019;sexta-feira;10:45:00;MG;365;638;UBERLANDIA;Agressão Externa;Colisão com objeto estático;Com Vítimas Feridas;Pleno dia;Decrescente;Sol;Dupla;Retorno Regulamentado;Não;459901;Automóvel;FIAT/MOBI WAY ON/MOBI WAY ON;2016;Passageiro;Lesões Leves;75;Feminino;0;1;0;0;-18,89191346;-48,42307806;SPRF-MG;DEL15-MG;UOP01-DEL15-MG
257376;573410;20/12/2019;sexta-feira;10:45:00;MG;365;638;UBERLANDIA;Agressão Externa;Colisão com objeto estático;Com Vítimas Feridas;Pleno dia;Decrescente;Sol;Dupla;Retorno Regulamentado;Não;459901;Automóvel;FIAT/MOBI WAY ON/MOBI WAY ON;2016;Passageiro;Lesões Leves;51;Feminino;0;1;0;0;-18,89191346;-48,42307806;SPRF-MG;DEL15-MG;UOP01-DEL15-MG
257376;573408;20/12/2019;sexta-feira;10:45:00;MG;365;638;UBERLANDIA;Agressão Externa;Colisão com objeto estático;Com Vítimas Feridas;Pleno dia;Decrescente;Sol;Dupla;Retorno Regulamentado;Não;459901;Automóvel;FIAT/MOBI WAY ON/MOBI WAY ON;2016;Condutor;Lesões Leves;25;Feminino;0;1;0;0;-18,89191346;-48,42307806;SPRF-MG;DEL15-MG;UOP01-DEL15-MG
257376;573413;20/12/2019;sexta-feira;10:45:00;MG;365;638;UBERLANDIA;Agressão Externa;Colisão com objeto estático;Com Vítimas Feridas;Pleno dia;Decrescente;Sol;Dupla;Retorno Regulamentado;Não;459901;Automóvel;FIAT/MOBI WAY ON/MOBI WAY ON;2016;Passageiro;Lesões Leves;52;Feminino;0;1;0;0;-18,89191346;-48,42307806;SPRF-MG;DEL15-MG;UOP01-DEL15-MG
257956;573272;22/12/2019;domingo;09:00:00;MG;365;632;UBERLANDIA;Desobediência às normas de trânsito pelo condutor;Colisão traseira;Com Vítimas Feridas;Pleno dia;Decrescente;Sol;Dupla;"Retorno Regulamentado;Reta";Sim;460569;Automóvel;FIAT/PALIO ED/PALIO ED;1997;Condutor;Lesões Graves;70;Masculino;0;0;1;0;-18,89664394;-48,39041999;SPRF-MG;DEL15-MG;UOP01-DEL15-MG
257956;575422;22/12/2019;domingo;09:00:00;MG;365;632;UBERLANDIA;Desobediência às normas de trânsito pelo condutor;Colisão traseira;Com Vítimas Feridas;Pleno dia;Decrescente;Sol;Dupla;"Retorno Regulamentado;Reta";Sim;460570;Caminhonete;FIAT/TORO RANCH AT D4/TORO RANCH AT D4;2018;Condutor;Ileso;56;Feminino;1;0;0;0;-18,89664394;-48,39041999;SPRF-MG;DEL15-MG;UOP01-DEL15-MG
258079;575473;22/12/2019;domingo;17:30:00;MG;365;575;INDIANOPOLIS;Falta de Atenção à Condução;Colisão transversal;Com Vítimas Feridas;Anoitecer;Decrescente;Chuva;Simples;Reta;Não;460697;Caminhonete;MMC/L200 4X4 GL/L200 4X4 GL;2001;Condutor;Ileso;35;Masculino;1;0;0;0;-18,89688385;-47,91517084;SPRF-MG;DEL15-MG;UOP02-DEL15-MG
258079;575469;22/12/2019;domingo;17:30:00;MG;365;575;INDIANOPOLIS;Falta de Atenção à Condução;Colisão transversal;Com Vítimas Feridas;Anoitecer;Decrescente;Chuva;Simples;Reta;Não;460696;Automóvel;GM/CELTA 3 PORTAS SUPER/CELTA 3 PORTAS SUPER;2004;Condutor;Lesões Graves;24;Feminino;0;0;1;0;-18,89688385;-47,91517084;SPRF-MG;DEL15-MG;UOP02-DEL15-MG
258454;574266;24/12/2019;terça-feira;10:00:00;MG;365;625;UBERLANDIA;Avarias e/ou desgaste excessivo no pneu;Queda de ocupante de veículo;Com Vítimas Feridas;Pleno dia;Crescente;Céu Claro;Múltipla;Reta;Sim;461453;Motoneta;HONDA/BIZ 125 ES/BIZ 125 ES;2014;Condutor;Ileso;43;Feminino;1;0;0;0;-18,90585472;-48,32526001;SPRF-MG;DEL15-MG;UOP01-DEL15-MG
258454;574270;24/12/2019;terça-feira;10:00:00;MG;365;625;UBERLANDIA;Avarias e/ou desgaste excessivo no pneu;Queda de ocupante de veículo;Com Vítimas Feridas;Pleno dia;Crescente;Céu Claro;Múltipla;Reta;Sim;461453;Motoneta;HONDA/BIZ 125 ES/BIZ 125 ES;2014;Passageiro;Lesões Leves;20;Feminino;0;1;0;0;-18,90585472;-48,32526001;SPRF-MG;DEL15-MG;UOP01-DEL15-MG
258554;574458;24/12/2019;terça-feira;18:30:00;MG;365;460,8;PATROCINIO;Falta de Atenção à Condução;Colisão traseira;Com Vítimas Feridas;Pleno dia;Crescente;Céu Claro;Simples;Interseção de Vias;Não;461574;Automóvel;FIAT/PALIO EX/PALIO EX;2000;Condutor;Ileso;35;Masculino;1;0;0;0;-18,87589421;-46,91028685;SPRF-MG;DEL10-MG;UOP01-DEL10-MG
258554;578869;24/12/2019;terça-feira;18:30:00;MG;365;460,8;PATROCINIO;Falta de Atenção à Condução;Colisão traseira;Com Vítimas Feridas;Pleno dia;Crescente;Céu Claro;Simples;Interseção de Vias;Não;461574;Automóvel;FIAT/PALIO EX/PALIO EX;2000;Passageiro;Lesões Leves;25;Feminino;0;1;0;0;-18,87589421;-46,91028685;SPRF-MG;DEL10-MG;UOP01-DEL10-MG
258554;578871;24/12/2019;terça-feira;18:30:00;MG;365;460,8;PATROCINIO;Falta de Atenção à Condução;Colisão traseira;Com Vítimas Feridas;Pleno dia;Crescente;Céu Claro;Simples;Interseção de Vias;Não;461574;Automóvel;FIAT/PALIO EX/PALIO EX;2000;Passageiro;Lesões Leves;26;Feminino;0;1;0;0;-18,87589421;-46,91028685;SPRF-MG;DEL10-MG;UOP01-DEL10-MG
258554;578868;24/12/2019;terça-feira;18:30:00;MG;365;460,8;PATROCINIO;Falta de Atenção à Condução;Colisão traseira;Com Vítimas Feridas;Pleno dia;Crescente;Céu Claro;Simples;Interseção de Vias;Não;461574;Automóvel;FIAT/PALIO EX/PALIO EX;2000;Passageiro;Lesões Leves;34;Feminino;0;1;0;0;-18,87589421;-46,91028685;SPRF-MG;DEL10-MG;UOP01-DEL10-MG
258554;574456;24/12/2019;terça-feira;18:30:00;MG;365;460,8;PATROCINIO;Falta de Atenção à Condução;Colisão traseira;Com Vítimas Feridas;Pleno dia;Crescente;Céu Claro;Simples;Interseção de Vias;Não;461573;Automóvel;FIAT/PALIO FIRE ECONOMY/PALIO FIRE ECONOMY;2011;Condutor;Ileso;39;Masculino;1;0;0;0;-18,87589421;-46,91028685;SPRF-MG;DEL10-MG;UOP01-DEL10-MG
258615;576442;24/12/2019;terça-feira;23:30:00;MG;365;608;UBERLANDIA;Ingestão de Álcool;Colisão traseira;Com Vítimas Feridas;Plena Noite;Decrescente;Céu Claro;Dupla;Reta;Não;461693;Automóvel;CHEVROLET/ONIX 1.0MT LT/ONIX 1.0MT LT;2016;Condutor;Lesões Leves;36;Masculino;0;1;0;0;-18,91862846;-48,17813873;SPRF-MG;DEL15-MG;UOP01-DEL15-MG
258615;576450;24/12/2019;terça-feira;23:30:00;MG;365;608;UBERLANDIA;Ingestão de Álcool;Colisão traseira;Com Vítimas Feridas;Plena Noite;Decrescente;Céu Claro;Dupla;Reta;Não;461694;Automóvel;GM/VECTRA GLS/VECTRA GLS;1998;Condutor;Ileso;31;Masculino;1;0;0;0;-18,91862846;-48,17813873;SPRF-MG;DEL15-MG;UOP01-DEL15-MG
258727;575007;25/12/2019;quarta-feira;16:00:00;MG;365;731,8;CANAPOLIS;Falta de Atenção à Condução;Saída de leito carroçável;Com Vítimas Feridas;Pleno dia;Decrescente;Nublado;Dupla;Curva;Não;461920;Caminhonete;GM/S10 EXECUTIVE 2.8/S10 EXECUTIVE 2.8;2005;Condutor;Ileso;44;Masculino;1;0;0;0;-18,90077873;-49,28866004;SPRF-MG;DEL15-MG;UOP03-DEL15-MG
258727;575009;25/12/2019;quarta-feira;16:00:00;MG;365;731,8;CANAPOLIS;Falta de Atenção à Condução;Saída de leito carroçável;Com Vítimas Feridas;Pleno dia;Decrescente;Nublado;Dupla;Curva;Não;461920;Caminhonete;GM/S10 EXECUTIVE 2.8/S10 EXECUTIVE 2.8;2005;Passageiro;Lesões Leves;34;Feminino;0;1;0;0;-18,90077873;-49,28866004;SPRF-MG;DEL15-MG;UOP03-DEL15-MG
258729;575049;25/12/2019;quarta-feira;16:40:00;MG;365;628,6;UBERLANDIA;Avarias e/ou desgaste excessivo no pneu;Queda de ocupante de veículo;Com Vítimas Feridas;Pleno dia;Crescente;Nublado;Dupla;"Declive;Curva";Sim;461947;Motocicleta;HONDA/CG 150 FAN ESI/CG 150 FAN ESI;2012;Condutor;Lesões Leves;31;Masculino;0;1;0;0;-18,90175741;-48,35287106;SPRF-MG;DEL15-MG;UOP01-DEL15-MG
258729;575050;25/12/2019;quarta-feira;16:40:00;MG;365;628,6;UBERLANDIA;Avarias e/ou desgaste excessivo no pneu;Queda de ocupante de veículo;Com Vítimas Feridas;Pleno dia;Crescente;Nublado;Dupla;"Declive;Curva";Sim;461947;Motocicleta;HONDA/CG 150 FAN ESI/CG 150 FAN ESI;2012;Passageiro;Lesões Leves;36;Feminino;0;1;0;0;-18,90175741;-48,35287106;SPRF-MG;DEL15-MG;UOP01-DEL15-MG
259012;576354;27/12/2019;sexta-feira;06:00:00;MG;365;552;ESTRELA DO SUL;Ultrapassagem Indevida;Saída de leito carroçável;Com Vítimas Feridas;Amanhecer;Crescente;Céu Claro;Simples;"Interseção de Vias;Reta";Não;462459;Caminhonete;IVECO/DAILY 35S14HDCS/DAILY 35S14HDCS;2012;Condutor;Lesões Leves;42;Masculino;0;1;0;0;-18,93028161;-47,70423897;SPRF-MG;DEL15-MG;UOP02-DEL15-MG
259051;576788;27/12/2019;sexta-feira;10:15:00;MG;365;624,4;UBERLANDIA;Pista Escorregadia;Tombamento;Com Vítimas Feridas;Pleno dia;Decrescente;Céu Claro;Dupla;Reta;Sim;462643;Motocicleta;HONDA/CBX 250 TWISTER/CBX 250 TWISTER;2007;Condutor;Lesões Leves;34;Masculino;0;1;0;0;-18,90599215;-48,29575896;SPRF-MG;DEL15-MG;UOP01-DEL15-MG
259051;576791;27/12/2019;sexta-feira;10:15:00;MG;365;624,4;UBERLANDIA;Pista Escorregadia;Tombamento;Com Vítimas Feridas;Pleno dia;Decrescente;Céu Claro;Dupla;Reta;Sim;462643;Motocicleta;HONDA/CBX 250 TWISTER/CBX 250 TWISTER;2007;Passageiro;Lesões Leves;31;Feminino;0;1;0;0;-18,90599215;-48,29575896;SPRF-MG;DEL15-MG;UOP01-DEL15-MG
259407;576981;28/12/2019;sábado;16:30:00;MG;365;605,3;UBERLANDIA;Falta de Atenção à Condução;Colisão traseira;Com Vítimas Feridas;Pleno dia;Decrescente;Sol;Dupla;Reta;Não;463140;Motocicleta;BMW/S1000 RR/S1000 RR;2019;Condutor;Lesões Leves;32;Masculino;0;1;0;0;-18,9121328;-48,17298889;SPRF-MG;DEL15-MG;UOP01-DEL15-MG
259407;576984;28/12/2019;sábado;16:30:00;MG;365;605,3;UBERLANDIA;Falta de Atenção à Condução;Colisão traseira;Com Vítimas Feridas;Pleno dia;Decrescente;Sol;Dupla;Reta;Não;463141;Motocicleta;BMW/S1000 XR/S1000 XR;2016;Condutor;Lesões Graves;46;Masculino;0;0;1;0;-18,9121328;-48,17298889;SPRF-MG;DEL15-MG;UOP01-DEL15-MG
259424;576956;29/12/2019;domingo;03:30:00;MG;365;625,3;UBERLANDIA;Ingestão de Álcool;Colisão traseira;Sem Vítimas;Plena Noite;Decrescente;Céu Claro;Dupla;Interseção de Vias;Sim;463179;Automóvel;CHEVROLET/ONIX 1.0MT LT/ONIX 1.0MT LT;2019;Condutor;Ileso;47;Masculino;1;0;0;0;-18,90585472;-48,32526001;SPRF-MG;DEL15-MG;UOP01-DEL15-MG
259424;576958;29/12/2019;domingo;03:30:00;MG;365;625,3;UBERLANDIA;Ingestão de Álcool;Colisão traseira;Sem Vítimas;Plena Noite;Decrescente;Céu Claro;Dupla;Interseção de Vias;Sim;463180;Automóvel;RENAULT/SANDERO EXPR 16/SANDERO EXPR 16;2015;Condutor;Ileso;27;Masculino;1;0;0;0;-18,90585472;-48,32526001;SPRF-MG;DEL15-MG;UOP01-DEL15-MG
259450;577017;29/12/2019;domingo;07:30:00;MG;365;634;UBERLANDIA;Defeito na Via;Queda de ocupante de veículo;Com Vítimas Feridas;Amanhecer;Crescente;Céu Claro;Múltipla;Reta;Sim;463214;Motocicleta;HONDA/CG 150 TITAN EX/CG 150 TITAN EX;2014;Condutor;Ileso;54;Masculino;1;0;0;0;-18,89398203;-48,409205;SPRF-MG;DEL15-MG;UOP01-DEL15-MG
259450;577019;29/12/2019;domingo;07:30:00;MG;365;634;UBERLANDIA;Defeito na Via;Queda de ocupante de veículo;Com Vítimas Feridas;Amanhecer;Crescente;Céu Claro;Múltipla;Reta;Sim;463214;Motocicleta;HONDA/CG 150 TITAN EX/CG 150 TITAN EX;2014;Passageiro;Lesões Leves;38;Feminino;0;1;0;0;-18,89398203;-48,409205;SPRF-MG;DEL15-MG;UOP01-DEL15-MG
259536;577406;29/12/2019;domingo;17:00:00;MG;365;741,5;ITUIUTABA;Defeito na Via;Tombamento;Com Vítimas Feridas;Pleno dia;Decrescente;Céu Claro;Simples;Interseção de Vias;Não;0;NA;NA/NA/NA;0;Testemunha;Não Informado;0;Não Informado;0;0;0;0;-18,91363311;-49,38245598;SPRF-MG;DEL15-MG;UOP03-DEL15-MG
259643;579112;30/12/2019;segunda-feira;12:00:00;MG;365;693;MONTE ALEGRE DE MINAS;Falta de Atenção à Condução;Capotamento;Com Vítimas Feridas;Pleno dia;Crescente;Céu Claro;Dupla;Reta;Não;463852;Caminhonete;I/VW AMAROK CD 4X4 TREND/VW AMAROK CD 4X4 TREND;2011;Passageiro;Ileso;76;Masculino;1;0;0;0;-18,87764372;-48,93155701;SPRF-MG;DEL15-MG;UOP03-DEL15-MG
259643;579088;30/12/2019;segunda-feira;12:00:00;MG;365;693;MONTE ALEGRE DE MINAS;Falta de Atenção à Condução;Capotamento;Com Vítimas Feridas;Pleno dia;Crescente;Céu Claro;Dupla;Reta;Não;463852;Caminhonete;I/VW AMAROK CD 4X4 TREND/VW AMAROK CD 4X4 TREND;2011;Condutor;Lesões Graves;67;Masculino;0;0;1;0;-18,87764372;-48,93155701;SPRF-MG;DEL15-MG;UOP03-DEL15-MG
259789;578101;31/12/2019;terça-feira;05:45:00;MG;365;625;UBERLANDIA;Falta de Atenção à Condução;Colisão lateral;Com Vítimas Feridas;Amanhecer;Decrescente;Céu Claro;Dupla;Curva;Sim;463849;Automóvel;CHEVROLET/ONIX 10MT JOYE/ONIX 10MT JOYE;2017;Condutor;Ileso;56;Masculino;1;0;0;0;-18,90585472;-48,32526001;SPRF-MG;DEL15-MG;UOP01-DEL15-MG
259789;578102;31/12/2019;terça-feira;05:45:00;MG;365;625;UBERLANDIA;Falta de Atenção à Condução;Colisão lateral;Com Vítimas Feridas;Amanhecer;Decrescente;Céu Claro;Dupla;Curva;Sim;463850;Motocicleta;HONDA/CG 125 FAN ES/CG 125 FAN ES;2010;Condutor;Lesões Leves;34;Feminino;0;1;0;0;-18,90585472;-48,32526001;SPRF-MG;DEL15-MG;UOP01-DEL15-MG
274227;611657;31/10/2019;quinta-feira;23:40:00;MG;365;746;ITUIUTABA;Falta de Atenção à Condução;Colisão frontal;Com Vítimas Feridas;Plena Noite;Crescente;Céu Claro;Simples;Reta;Não;489513;Motocicleta;HONDA/CG 125 FAN KS/CG 125 FAN KS;2012;Condutor;Lesões Graves;32;Masculino;0;0;1;0;-18,92782412;-49,4243538;SPRF-MG;DEL15-MG;UOP03-DEL15-MG
274227;611656;31/10/2019;quinta-feira;23:40:00;MG;365;746;ITUIUTABA;Falta de Atenção à Condução;Colisão frontal;Com Vítimas Feridas;Plena Noite;Crescente;Céu Claro;Simples;Reta;Não;489512;Automóvel;CHEVROLET/CLASSIC LS/CLASSIC LS;2013;Condutor;Ileso;51;Masculino;1;0;0;0;-18,92782412;-49,4243538;SPRF-MG;DEL15-MG;UOP03-DEL15-MG
274827;613266;10/12/2019;terça-feira;15:50:00;MG;365;623;UBERLANDIA;Defeito na Via;Tombamento;Com Vítimas Feridas;Pleno dia;Decrescente;Nublado;Dupla;Reta;Sim;490707;Motoneta;HONDA/BIZ 125 KS/BIZ 125 KS;2011;Condutor;Lesões Leves;25;Feminino;0;1;0;0;-18,90429;-48,28452;SPRF-MG;DEL15-MG;UOP01-DEL15-MG
295188;656219;27/01/2019;domingo;13:45:00;MG;365;632;UBERLANDIA;Pista Escorregadia;Saída de leito carroçável;Sem Vítimas;Pleno dia;Decrescente;Chuva;Dupla;Reta;Não;527543;Automóvel;CHEVROLET/ONIX 1.4AT LTZ/ONIX 1.4AT LTZ;2016;Condutor;Não Informado;0;Não Informado;0;0;0;0;-18,904;-48,3429;SPRF-MG;DEL15-MG;UOP01-DEL15-MG
409649;914919;15/03/2019;sexta-feira;19:25:00;MG;365;609;UBERLANDIA;Velocidade Incompatível;Colisão traseira;Com Vítimas Feridas;Plena Noite;Crescente;Céu Claro;Dupla;Reta;Sim;740448;Automóvel;VW/VOYAGE 1.6 COMFORTL/VOYAGE 1.6 COMFORTL;0;Condutor;Não Informado;0;Não Informado;0;0;0;0;-18,920392;-48,182184;SPRF-MG;DEL15-MG;UOP01-DEL15-MG
409649;914918;15/03/2019;sexta-feira;19:25:00;MG;365;609;UBERLANDIA;Velocidade Incompatível;Colisão traseira;Com Vítimas Feridas;Plena Noite;Crescente;Céu Claro;Dupla;Reta;Sim;740447;Motocicleta;JTA/SUZUKI EN125 YES/SUZUKI EN125 YES;2005;Condutor;Lesões Graves;28;Masculino;0;0;1;0;-18,920392;-48,182184;SPRF-MG;DEL15-MG;UOP01-DEL15-MG
409649;914920;15/03/2019;sexta-feira;19:25:00;MG;365;609;UBERLANDIA;Velocidade Incompatível;Colisão traseira;Com Vítimas Feridas;Plena Noite;Crescente;Céu Claro;Dupla;Reta;Sim;0;NA;NA/NA/NA;0;Testemunha;Não Informado;0;Não Informado;0;0;0;0;-18,920392;-48,182184;SPRF-MG;DEL15-MG;UOP01-DEL15-MG
595152;1326136;12/10/2019;sábado;21:45:00;MG;365;495;PATROCINIO;Ingestão de álcool pelo condutor;Colisão lateral;Sem Vítimas;Plena Noite;Decrescente;Céu Claro;Simples;Aclive;Não;1062205;Automóvel;FIAT/UNO ELECTRONIC/UNO ELECTRONIC;1994;Condutor;Ileso;41;Masculino;1;0;0;0;-18,917469;-47,203773;SPRF-MG;DEL10-MG;UOP01-DEL10-MG
595152;1326135;12/10/2019;sábado;21:45:00;MG;365;495;PATROCINIO;Ingestão de álcool pelo condutor;Colisão lateral;Sem Vítimas;Plena Noite;Decrescente;Céu Claro;Simples;Aclive;Não;1062204;Ônibus;SCANIA/MPOLO PARADISO R/MPOLO PARADISO R;2009;Condutor;Ileso;38;Masculino;1;0;0;0;-18,917469;-47,203773;SPRF-MG;DEL10-MG;UOP01-DEL10-MG